stock_code,instrument_name,market_code,listing_date,listing_date_source,listing_status,listing_status_source,delisting_date,delisting_date_source,current_api_present,historical_api_date,evidence_reference,verification_result
001880,DL건설,KRX_KOSPI,1977-12-22,KRX_HISTORICAL_API,DELISTED,KRX_API_ABSENCE,,,FALSE,20240102_OR_EARLIER,KRX_OPEN_API_STK_ISU_BASE_INFO,VERIFIED_DELISTED
003560,IHQ,KRX_KOSPI,1973-12-18,KRX_HISTORICAL_API,DELISTED,KRX_API_ABSENCE,,,FALSE,20240102_OR_EARLIER,KRX_OPEN_API_STK_ISU_BASE_INFO,VERIFIED_DELISTED
033180,KH 필룩스,KRX_KOSPI,2001-12-26,KRX_HISTORICAL_API,DELISTED,KRX_API_ABSENCE,,,FALSE,20240102_OR_EARLIER,KRX_OPEN_API_STK_ISU_BASE_INFO,VERIFIED_DELISTED
001140,국보,KRX_KOSPI,1989-12-02,KRX_HISTORICAL_API,DELISTED,KRX_API_ABSENCE,,,FALSE,20240102_OR_EARLIER,KRX_OPEN_API_STK_ISU_BASE_INFO,VERIFIED_DELISTED
008110,대동전자,KRX_KOSPI,1990-06-05,KRX_HISTORICAL_API,DELISTED,KRX_API_ABSENCE,,,FALSE,20240102_OR_EARLIER,KRX_OPEN_API_STK_ISU_BASE_INFO,VERIFIED_DELISTED
012510,더존비즈온,KRX_KOSPI,1988-10-28,KRX_HISTORICAL_API,DELISTED,KRX_API_ABSENCE,,,FALSE,20240102_OR_EARLIER,KRX_OPEN_API_STK_ISU_BASE_INFO,VERIFIED_DELISTED
282690,동아타이어,KRX_KOSPI,2017-11-29,KRX_HISTORICAL_API,DELISTED,KRX_API_ABSENCE,,,FALSE,20240102_OR_EARLIER,KRX_OPEN_API_STK_ISU_BASE_INFO,VERIFIED_DELISTED
049770,동원F&B,KRX_KOSPI,2000-11-23,KRX_HISTORICAL_API,DELISTED,KRX_API_ABSENCE,,,FALSE,20240102_OR_EARLIER,KRX_OPEN_API_STK_ISU_BASE_INFO,VERIFIED_DELISTED
115390,락앤락,KRX_KOSPI,2010-01-28,KRX_HISTORICAL_API,DELISTED,KRX_API_ABSENCE,,,FALSE,20240102_OR_EARLIER,KRX_OPEN_API_STK_ISU_BASE_INFO,VERIFIED_DELISTED
008560,메리츠증권,KRX_KOSPI,1992-01-15,KRX_HISTORICAL_API,DELISTED,KRX_API_ABSENCE,,,FALSE,20240102_OR_EARLIER,KRX_OPEN_API_STK_ISU_BASE_INFO,VERIFIED_DELISTED
000060,메리츠화재,KRX_KOSPI,1956-07-02,KRX_HISTORICAL_API,DELISTED,KRX_API_ABSENCE,,,FALSE,20240102_OR_EARLIER,KRX_OPEN_API_STK_ISU_BASE_INFO,VERIFIED_DELISTED
204210,모두투어리츠,KRX_KOSPI,2016-09-22,KRX_HISTORICAL_API,DELISTED,KRX_API_ABSENCE,,,FALSE,20240102_OR_EARLIER,KRX_OPEN_API_STK_ISU_BASE_INFO,VERIFIED_DELISTED
155900,바다로19호,KRX_KOSPI,2012-06-29,KRX_HISTORICAL_API,DELISTED,KRX_API_ABSENCE,,,FALSE,20240102_OR_EARLIER,KRX_OPEN_API_STK_ISU_BASE_INFO,VERIFIED_DELISTED
030790,비케이탑스,KRX_KOSPI,2010-11-02,KRX_HISTORICAL_API,DELISTED,KRX_API_ABSENCE,,,FALSE,20240102_OR_EARLIER,KRX_OPEN_API_STK_ISU_BASE_INFO,VERIFIED_DELISTED
019440,세아특수강,KRX_KOSPI,2011-06-01,KRX_HISTORICAL_API,DELISTED,KRX_API_ABSENCE,,,FALSE,20240102_OR_EARLIER,KRX_OPEN_API_STK_ISU_BASE_INFO,VERIFIED_DELISTED
091090,세원이앤씨,KRX_KOSPI,2006-07-31,KRX_HISTORICAL_API,DELISTED,KRX_API_ABSENCE,,,FALSE,20240102_OR_EARLIER,KRX_OPEN_API_STK_ISU_BASE_INFO,VERIFIED_DELISTED
012600,센트럴인사이트,KRX_KOSPI,1990-07-10,KRX_HISTORICAL_API,DELISTED,KRX_API_ABSENCE,,,FALSE,20240102_OR_EARLIER,KRX_OPEN_API_STK_ISU_BASE_INFO,VERIFIED_DELISTED
005390,신성통상,KRX_KOSPI,1975-12-22,KRX_HISTORICAL_API,DELISTED,KRX_API_ABSENCE,,,FALSE,20240102_OR_EARLIER,KRX_OPEN_API_STK_ISU_BASE_INFO,VERIFIED_DELISTED
034300,신세계건설,KRX_KOSPI,2002-06-17,KRX_HISTORICAL_API,DELISTED,KRX_API_ABSENCE,,,FALSE,20240102_OR_EARLIER,KRX_OPEN_API_STK_ISU_BASE_INFO,VERIFIED_DELISTED
031440,신세계푸드,KRX_KOSPI,2010-04-29,KRX_HISTORICAL_API,DELISTED,KRX_API_ABSENCE,,,FALSE,20240102_OR_EARLIER,KRX_OPEN_API_STK_ISU_BASE_INFO,VERIFIED_DELISTED
102280,쌍방울,KRX_KOSPI,2008-06-10,KRX_HISTORICAL_API,DELISTED,KRX_API_ABSENCE,,,FALSE,20240102_OR_EARLIER,KRX_OPEN_API_STK_ISU_BASE_INFO,VERIFIED_DELISTED
003410,쌍용C&E,KRX_KOSPI,1975-05-03,KRX_HISTORICAL_API,DELISTED,KRX_API_ABSENCE,,,FALSE,20240102_OR_EARLIER,KRX_OPEN_API_STK_ISU_BASE_INFO,VERIFIED_DELISTED
015540,쎌마테라퓨틱스,KRX_KOSPI,1989-09-02,KRX_HISTORICAL_API,DELISTED,KRX_API_ABSENCE,,,FALSE,20240102_OR_EARLIER,KRX_OPEN_API_STK_ISU_BASE_INFO,VERIFIED_DELISTED
068400,SK렌터카,KRX_KOSPI,2012-07-27,KRX_HISTORICAL_API,DELISTED,KRX_API_ABSENCE,,,FALSE,20240102_OR_EARLIER,KRX_OPEN_API_STK_ISU_BASE_INFO,VERIFIED_DELISTED
140910,에이리츠,KRX_KOSPI,2011-07-14,KRX_HISTORICAL_API,DELISTED,KRX_API_ABSENCE,,,FALSE,20240102_OR_EARLIER,KRX_OPEN_API_STK_ISU_BASE_INFO,VERIFIED_DELISTED
380440,엔에이치스팩19호,KRX_KOSPI,2021-05-21,KRX_HISTORICAL_API,DELISTED,KRX_API_ABSENCE,,,FALSE,20240102_OR_EARLIER,KRX_OPEN_API_STK_ISU_BASE_INFO,VERIFIED_DELISTED
010050,우리종금,KRX_KOSPI,1974-09-11,KRX_HISTORICAL_API,DELISTED,KRX_API_ABSENCE,,,FALSE,20240102_OR_EARLIER,KRX_OPEN_API_STK_ISU_BASE_INFO,VERIFIED_DELISTED
010600,웰바이오텍,KRX_KOSPI,1997-07-18,KRX_HISTORICAL_API,DELISTED,KRX_API_ABSENCE,,,FALSE,20240102_OR_EARLIER,KRX_OPEN_API_STK_ISU_BASE_INFO,VERIFIED_DELISTED
093230,이아이디,KRX_KOSPI,2007-11-01,KRX_HISTORICAL_API,DELISTED,KRX_API_ABSENCE,,,FALSE,20240102_OR_EARLIER,KRX_OPEN_API_STK_ISU_BASE_INFO,VERIFIED_DELISTED
008500,일정실업,KRX_KOSPI,1994-08-12,KRX_HISTORICAL_API,DELISTED,KRX_API_ABSENCE,,,FALSE,20240102_OR_EARLIER,KRX_OPEN_API_STK_ISU_BASE_INFO,VERIFIED_DELISTED
138490,코오롱플라스틱,KRX_KOSPI,2011-06-15,KRX_HISTORICAL_API,DELISTED,KRX_API_ABSENCE,,,FALSE,20240102_OR_EARLIER,KRX_OPEN_API_STK_ISU_BASE_INFO,VERIFIED_DELISTED
096300,베트남개발1,KRX_KOSPI,2007-06-13,KRX_HISTORICAL_API,DELISTED,KRX_API_ABSENCE,,,FALSE,20240102_OR_EARLIER,KRX_OPEN_API_STK_ISU_BASE_INFO,VERIFIED_DELISTED
152550,한국ANKOR유전,KRX_KOSPI,2012-03-08,KRX_HISTORICAL_API,DELISTED,KRX_API_ABSENCE,,,FALSE,20240102_OR_EARLIER,KRX_OPEN_API_STK_ISU_BASE_INFO,VERIFIED_DELISTED
168490,한국패러랠,KRX_KOSPI,2013-04-19,KRX_HISTORICAL_API,DELISTED,KRX_API_ABSENCE,,,FALSE,20240102_OR_EARLIER,KRX_OPEN_API_STK_ISU_BASE_INFO,VERIFIED_DELISTED
010420,한솔PNS,KRX_KOSPI,1989-05-31,KRX_HISTORICAL_API,DELISTED,KRX_API_ABSENCE,,,FALSE,20240102_OR_EARLIER,KRX_OPEN_API_STK_ISU_BASE_INFO,VERIFIED_DELISTED
006390,한일현대시멘트,KRX_KOSPI,1975-12-26,KRX_HISTORICAL_API,DELISTED,KRX_API_ABSENCE,,,FALSE,20240102_OR_EARLIER,KRX_OPEN_API_STK_ISU_BASE_INFO,VERIFIED_DELISTED
042670,현대두산인프라코어,KRX_KOSPI,2001-02-02,KRX_HISTORICAL_API,DELISTED,KRX_API_ABSENCE,,,FALSE,20240102_OR_EARLIER,KRX_OPEN_API_STK_ISU_BASE_INFO,VERIFIED_DELISTED
010620,현대미포조선,KRX_KOSPI,1983-12-20,KRX_HISTORICAL_API,DELISTED,KRX_API_ABSENCE,,,FALSE,20240102_OR_EARLIER,KRX_OPEN_API_STK_ISU_BASE_INFO,VERIFIED_DELISTED
057050,현대홈쇼핑,KRX_KOSPI,2010-09-13,KRX_HISTORICAL_API,DELISTED,KRX_API_ABSENCE,,,FALSE,20240102_OR_EARLIER,KRX_OPEN_API_STK_ISU_BASE_INFO,VERIFIED_DELISTED
950110,SBI핀테크솔루션즈,KRX_KOSDAQ,2012-12-17,KRX_HISTORICAL_API,DELISTED,KRX_API_ABSENCE,,,FALSE,20240102_OR_EARLIER,KRX_OPEN_API_STK_ISU_BASE_INFO,VERIFIED_DELISTED
014200,광림,KRX_KOSDAQ,1993-07-07,KRX_HISTORICAL_API,DELISTED,KRX_API_ABSENCE,,,FALSE,20240102_OR_EARLIER,KRX_OPEN_API_STK_ISU_BASE_INFO,VERIFIED_DELISTED
397880,교보11호스팩,KRX_KOSDAQ,2021-12-20,KRX_HISTORICAL_API,DELISTED,KRX_API_ABSENCE,,,FALSE,20240102_OR_EARLIER,KRX_OPEN_API_STK_ISU_BASE_INFO,VERIFIED_DELISTED
421800,교보12호스팩,KRX_KOSDAQ,2022-06-24,KRX_HISTORICAL_API,DELISTED,KRX_API_ABSENCE,,,FALSE,20240102_OR_EARLIER,KRX_OPEN_API_STK_ISU_BASE_INFO,VERIFIED_DELISTED
440790,교보13호스팩,KRX_KOSDAQ,2022-11-02,KRX_HISTORICAL_API,DELISTED,KRX_API_ABSENCE,,,FALSE,20240102_OR_EARLIER,KRX_OPEN_API_STK_ISU_BASE_INFO,VERIFIED_DELISTED
106520,노블엠앤비,KRX_KOSDAQ,2012-07-13,KRX_HISTORICAL_API,DELISTED,KRX_API_ABSENCE,,,FALSE,20240102_OR_EARLIER,KRX_OPEN_API_STK_ISU_BASE_INFO,VERIFIED_DELISTED
065560,녹원씨엔아이,KRX_KOSDAQ,2003-07-01,KRX_HISTORICAL_API,DELISTED,KRX_API_ABSENCE,,,FALSE,20240102_OR_EARLIER,KRX_OPEN_API_STK_ISU_BASE_INFO,VERIFIED_DELISTED
214870,뉴지랩파마,KRX_KOSDAQ,2015-10-13,KRX_HISTORICAL_API,DELISTED,KRX_API_ABSENCE,,,FALSE,20240102_OR_EARLIER,KRX_OPEN_API_STK_ISU_BASE_INFO,VERIFIED_DELISTED
298870,다올인베스트먼트,KRX_KOSDAQ,2021-12-16,KRX_HISTORICAL_API,DELISTED,KRX_API_ABSENCE,,,FALSE,20240102_OR_EARLIER,KRX_OPEN_API_STK_ISU_BASE_INFO,VERIFIED_DELISTED
387310,대신밸런스제10호스팩,KRX_KOSDAQ,2021-09-17,KRX_HISTORICAL_API,DELISTED,KRX_API_ABSENCE,,,FALSE,20240102_OR_EARLIER,KRX_OPEN_API_STK_ISU_BASE_INFO,VERIFIED_DELISTED
397500,대신밸런스제11호스팩,KRX_KOSDAQ,2021-12-02,KRX_HISTORICAL_API,DELISTED,KRX_API_ABSENCE,,,FALSE,20240102_OR_EARLIER,KRX_OPEN_API_STK_ISU_BASE_INFO,VERIFIED_DELISTED
426670,대신밸런스제12호스팩,KRX_KOSDAQ,2022-07-14,KRX_HISTORICAL_API,DELISTED,KRX_API_ABSENCE,,,FALSE,20240102_OR_EARLIER,KRX_OPEN_API_STK_ISU_BASE_INFO,VERIFIED_DELISTED
438220,대신밸런스제13호스팩,KRX_KOSDAQ,2022-11-28,KRX_HISTORICAL_API,DELISTED,KRX_API_ABSENCE,,,FALSE,20240102_OR_EARLIER,KRX_OPEN_API_STK_ISU_BASE_INFO,VERIFIED_DELISTED
442310,대신밸런스제14호스팩,KRX_KOSDAQ,2022-12-05,KRX_HISTORICAL_API,DELISTED,KRX_API_ABSENCE,,,FALSE,20240102_OR_EARLIER,KRX_OPEN_API_STK_ISU_BASE_INFO,VERIFIED_DELISTED
006580,대양제지,KRX_KOSDAQ,1993-12-29,KRX_HISTORICAL_API,DELISTED,KRX_API_ABSENCE,,,FALSE,20240102_OR_EARLIER,KRX_OPEN_API_STK_ISU_BASE_INFO,VERIFIED_DELISTED
290380,대유,KRX_KOSDAQ,2018-08-10,KRX_HISTORICAL_API,DELISTED,KRX_API_ABSENCE,,,FALSE,20240102_OR_EARLIER,KRX_OPEN_API_STK_ISU_BASE_INFO,VERIFIED_DELISTED
161570,THE MIDONG,KRX_KOSDAQ,2013-11-13,KRX_HISTORICAL_API,DELISTED,KRX_API_ABSENCE,,,FALSE,20240102_OR_EARLIER,KRX_OPEN_API_STK_ISU_BASE_INFO,VERIFIED_DELISTED
217620,디딤이앤에프,KRX_KOSDAQ,2015-06-10,KRX_HISTORICAL_API,DELISTED,KRX_API_ABSENCE,,,FALSE,20240102_OR_EARLIER,KRX_OPEN_API_STK_ISU_BASE_INFO,VERIFIED_DELISTED
404950,DB금융스팩10호,KRX_KOSDAQ,2022-01-20,KRX_HISTORICAL_API,DELISTED,KRX_API_ABSENCE,,,FALSE,20240102_OR_EARLIER,KRX_OPEN_API_STK_ISU_BASE_INFO,VERIFIED_DELISTED
367340,DB금융스팩8호,KRX_KOSDAQ,2020-12-09,KRX_HISTORICAL_API,DELISTED,KRX_API_ABSENCE,,,FALSE,20240102_OR_EARLIER,KRX_OPEN_API_STK_ISU_BASE_INFO,VERIFIED_DELISTED
367360,DB금융스팩9호,KRX_KOSDAQ,2021-03-16,KRX_HISTORICAL_API,DELISTED,KRX_API_ABSENCE,,,FALSE,20240102_OR_EARLIER,KRX_OPEN_API_STK_ISU_BASE_INFO,VERIFIED_DELISTED
141020,디에스앤엘,KRX_KOSDAQ,2013-01-29,KRX_HISTORICAL_API,DELISTED,KRX_API_ABSENCE,,,FALSE,20240102_OR_EARLIER,KRX_OPEN_API_STK_ISU_BASE_INFO,VERIFIED_DELISTED
085370,루트로닉,KRX_KOSDAQ,2006-07-04,KRX_HISTORICAL_API,DELISTED,KRX_API_ABSENCE,,,FALSE,20240102_OR_EARLIER,KRX_OPEN_API_STK_ISU_BASE_INFO,VERIFIED_DELISTED
060240,룽투코리아,KRX_KOSDAQ,2002-01-04,KRX_HISTORICAL_API,DELISTED,KRX_API_ABSENCE,,,FALSE,20240102_OR_EARLIER,KRX_OPEN_API_STK_ISU_BASE_INFO,VERIFIED_DELISTED
096640,멜파스,KRX_KOSDAQ,2009-12-18,KRX_HISTORICAL_API,DELISTED,KRX_API_ABSENCE,,,FALSE,20240102_OR_EARLIER,KRX_OPEN_API_STK_ISU_BASE_INFO,VERIFIED_DELISTED
353490,미래에셋대우스팩 5호,KRX_KOSDAQ,2020-08-28,KRX_HISTORICAL_API,DELISTED,KRX_API_ABSENCE,,,FALSE,20240102_OR_EARLIER,KRX_OPEN_API_STK_ISU_BASE_INFO,VERIFIED_DELISTED
412930,미래에셋비전스팩1호,KRX_KOSDAQ,2022-04-21,KRX_HISTORICAL_API,DELISTED,KRX_API_ABSENCE,,,FALSE,20240102_OR_EARLIER,KRX_OPEN_API_STK_ISU_BASE_INFO,VERIFIED_DELISTED
032980,바이온,KRX_KOSDAQ,1997-08-06,KRX_HISTORICAL_API,DELISTED,KRX_API_ABSENCE,,,FALSE,20240102_OR_EARLIER,KRX_OPEN_API_STK_ISU_BASE_INFO,VERIFIED_DELISTED
222160,바이옵트로,KRX_KOSDAQ,2021-11-18,KRX_HISTORICAL_API,DELISTED,KRX_API_ABSENCE,,,FALSE,20240102_OR_EARLIER,KRX_OPEN_API_STK_ISU_BASE_INFO,VERIFIED_DELISTED
299910,베스파,KRX_KOSDAQ,2018-12-03,KRX_HISTORICAL_API,DELISTED,KRX_API_ABSENCE,,,FALSE,20240102_OR_EARLIER,KRX_OPEN_API_STK_ISU_BASE_INFO,VERIFIED_DELISTED
148140,비디아이,KRX_KOSDAQ,2017-11-09,KRX_HISTORICAL_API,DELISTED,KRX_API_ABSENCE,,,FALSE,20240102_OR_EARLIER,KRX_OPEN_API_STK_ISU_BASE_INFO,VERIFIED_DELISTED
445360,비엔케이제1호스팩,KRX_KOSDAQ,2022-12-22,KRX_HISTORICAL_API,DELISTED,KRX_API_ABSENCE,,,FALSE,20240102_OR_EARLIER,KRX_OPEN_API_STK_ISU_BASE_INFO,VERIFIED_DELISTED
335890,비올,KRX_KOSDAQ,2019-12-03,KRX_HISTORICAL_API,DELISTED,KRX_API_ABSENCE,,,FALSE,20240102_OR_EARLIER,KRX_OPEN_API_STK_ISU_BASE_INFO,VERIFIED_DELISTED
138580,비즈니스온,KRX_KOSDAQ,2017-11-30,KRX_HISTORICAL_API,DELISTED,KRX_API_ABSENCE,,,FALSE,20240102_OR_EARLIER,KRX_OPEN_API_STK_ISU_BASE_INFO,VERIFIED_DELISTED
377630,삼성스팩4호,KRX_KOSDAQ,2021-05-21,KRX_HISTORICAL_API,DELISTED,KRX_API_ABSENCE,,,FALSE,20240102_OR_EARLIER,KRX_OPEN_API_STK_ISU_BASE_INFO,VERIFIED_DELISTED
425290,삼성스팩6호,KRX_KOSDAQ,2022-06-30,KRX_HISTORICAL_API,DELISTED,KRX_API_ABSENCE,,,FALSE,20240102_OR_EARLIER,KRX_OPEN_API_STK_ISU_BASE_INFO,VERIFIED_DELISTED
439250,삼성스팩7호,KRX_KOSDAQ,2022-10-26,KRX_HISTORICAL_API,DELISTED,KRX_API_ABSENCE,,,FALSE,20240102_OR_EARLIER,KRX_OPEN_API_STK_ISU_BASE_INFO,VERIFIED_DELISTED
380320,삼성머스트스팩5호,KRX_KOSDAQ,2021-06-17,KRX_HISTORICAL_API,DELISTED,KRX_API_ABSENCE,,,FALSE,20240102_OR_EARLIER,KRX_OPEN_API_STK_ISU_BASE_INFO,VERIFIED_DELISTED
415580,상상인제3호스팩,KRX_KOSDAQ,2022-04-29,KRX_HISTORICAL_API,DELISTED,KRX_API_ABSENCE,,,FALSE,20240102_OR_EARLIER,KRX_OPEN_API_STK_ISU_BASE_INFO,VERIFIED_DELISTED
222810,세토피아,KRX_KOSDAQ,2015-08-13,KRX_HISTORICAL_API,DELISTED,KRX_API_ABSENCE,,,FALSE,20240102_OR_EARLIER,KRX_OPEN_API_STK_ISU_BASE_INFO,VERIFIED_DELISTED
268600,셀리버리,KRX_KOSDAQ,2018-11-09,KRX_HISTORICAL_API,DELISTED,KRX_API_ABSENCE,,,FALSE,20240102_OR_EARLIER,KRX_OPEN_API_STK_ISU_BASE_INFO,VERIFIED_DELISTED
091990,셀트리온헬스케어,KRX_KOSDAQ,2017-07-28,KRX_HISTORICAL_API,DELISTED,KRX_API_ABSENCE,,,FALSE,20240102_OR_EARLIER,KRX_OPEN_API_STK_ISU_BASE_INFO,VERIFIED_DELISTED
136510,스마트솔루션즈,KRX_KOSDAQ,2011-11-18,KRX_HISTORICAL_API,DELISTED,KRX_API_ABSENCE,,,FALSE,20240102_OR_EARLIER,KRX_OPEN_API_STK_ISU_BASE_INFO,VERIFIED_DELISTED
204630,스튜디오산타클로스,KRX_KOSDAQ,2014-12-29,KRX_HISTORICAL_API,DELISTED,KRX_API_ABSENCE,,,FALSE,20240102_OR_EARLIER,KRX_OPEN_API_STK_ISU_BASE_INFO,VERIFIED_DELISTED
139050,시티랩스,KRX_KOSDAQ,2011-07-29,KRX_HISTORICAL_API,DELISTED,KRX_API_ABSENCE,,,FALSE,20240102_OR_EARLIER,KRX_OPEN_API_STK_ISU_BASE_INFO,VERIFIED_DELISTED
344050,신영스팩6호,KRX_KOSDAQ,2020-02-12,KRX_HISTORICAL_API,DELISTED,KRX_API_ABSENCE,,,FALSE,20240102_OR_EARLIER,KRX_OPEN_API_STK_ISU_BASE_INFO,VERIFIED_DELISTED
419270,신영스팩7호,KRX_KOSDAQ,2022-04-28,KRX_HISTORICAL_API,DELISTED,KRX_API_ABSENCE,,,FALSE,20240102_OR_EARLIER,KRX_OPEN_API_STK_ISU_BASE_INFO,VERIFIED_DELISTED
430220,신영스팩8호,KRX_KOSDAQ,2022-08-26,KRX_HISTORICAL_API,DELISTED,KRX_API_ABSENCE,,,FALSE,20240102_OR_EARLIER,KRX_OPEN_API_STK_ISU_BASE_INFO,VERIFIED_DELISTED
445970,신영스팩9호,KRX_KOSDAQ,2022-12-27,KRX_HISTORICAL_API,DELISTED,KRX_API_ABSENCE,,,FALSE,20240102_OR_EARLIER,KRX_OPEN_API_STK_ISU_BASE_INFO,VERIFIED_DELISTED
418210,신한제10호스팩,KRX_KOSDAQ,2022-07-29,KRX_HISTORICAL_API,DELISTED,KRX_API_ABSENCE,,,FALSE,20240102_OR_EARLIER,KRX_OPEN_API_STK_ISU_BASE_INFO,VERIFIED_DELISTED
366330,신한제7호스팩,KRX_KOSDAQ,2021-02-04,KRX_HISTORICAL_API,DELISTED,KRX_API_ABSENCE,,,FALSE,20240102_OR_EARLIER,KRX_OPEN_API_STK_ISU_BASE_INFO,VERIFIED_DELISTED
393360,신한제8호스팩,KRX_KOSDAQ,2021-09-27,KRX_HISTORICAL_API,DELISTED,KRX_API_ABSENCE,,,FALSE,20240102_OR_EARLIER,KRX_OPEN_API_STK_ISU_BASE_INFO,VERIFIED_DELISTED
405640,신한제9호스팩,KRX_KOSDAQ,2022-04-27,KRX_HISTORICAL_API,DELISTED,KRX_API_ABSENCE,,,FALSE,20240102_OR_EARLIER,KRX_OPEN_API_STK_ISU_BASE_INFO,VERIFIED_DELISTED
023460,CNH,KRX_KOSDAQ,1994-10-07,KRX_HISTORICAL_API,DELISTED,KRX_API_ABSENCE,,,FALSE,20240102_OR_EARLIER,KRX_OPEN_API_STK_ISU_BASE_INFO,VERIFIED_DELISTED
058220,아리온,KRX_KOSDAQ,2005-08-05,KRX_HISTORICAL_API,DELISTED,KRX_API_ABSENCE,,,FALSE,20240102_OR_EARLIER,KRX_OPEN_API_STK_ISU_BASE_INFO,VERIFIED_DELISTED
351340,IBKS제13호스팩,KRX_KOSDAQ,2020-07-15,KRX_HISTORICAL_API,DELISTED,KRX_API_ABSENCE,,,FALSE,20240102_OR_EARLIER,KRX_OPEN_API_STK_ISU_BASE_INFO,VERIFIED_DELISTED
405350,IBKS제17호스팩,KRX_KOSDAQ,2022-02-18,KRX_HISTORICAL_API,DELISTED,KRX_API_ABSENCE,,,FALSE,20240102_OR_EARLIER,KRX_OPEN_API_STK_ISU_BASE_INFO,VERIFIED_DELISTED
426550,IBKS제19호스팩,KRX_KOSDAQ,2022-08-26,KRX_HISTORICAL_API,DELISTED,KRX_API_ABSENCE,,,FALSE,20240102_OR_EARLIER,KRX_OPEN_API_STK_ISU_BASE_INFO,VERIFIED_DELISTED
439730,IBKS제20호스팩,KRX_KOSDAQ,2022-10-28,KRX_HISTORICAL_API,DELISTED,KRX_API_ABSENCE,,,FALSE,20240102_OR_EARLIER,KRX_OPEN_API_STK_ISU_BASE_INFO,VERIFIED_DELISTED
442770,IBKS제21호스팩,KRX_KOSDAQ,2022-12-16,KRX_HISTORICAL_API,DELISTED,KRX_API_ABSENCE,,,FALSE,20240102_OR_EARLIER,KRX_OPEN_API_STK_ISU_BASE_INFO,VERIFIED_DELISTED
101390,아이엠,KRX_KOSDAQ,2008-07-23,KRX_HISTORICAL_API,DELISTED,KRX_API_ABSENCE,,,FALSE,20240102_OR_EARLIER,KRX_OPEN_API_STK_ISU_BASE_INFO,VERIFIED_DELISTED
263540,어스앤에어로스페이스,KRX_KOSDAQ,2017-09-15,KRX_HISTORICAL_API,DELISTED,KRX_API_ABSENCE,,,FALSE,20240102_OR_EARLIER,KRX_OPEN_API_STK_ISU_BASE_INFO,VERIFIED_DELISTED
151910,SBW생명과학,KRX_KOSDAQ,2012-08-02,KRX_HISTORICAL_API,DELISTED,KRX_API_ABSENCE,,,FALSE,20240102_OR_EARLIER,KRX_OPEN_API_STK_ISU_BASE_INFO,VERIFIED_DELISTED
046140,SBS콘텐츠허브,KRX_KOSDAQ,2003-02-05,KRX_HISTORICAL_API,DELISTED,KRX_API_ABSENCE,,,FALSE,20240102_OR_EARLIER,KRX_OPEN_API_STK_ISU_BASE_INFO,VERIFIED_DELISTED
080000,에스엔유,KRX_KOSDAQ,2005-01-25,KRX_HISTORICAL_API,DELISTED,KRX_API_ABSENCE,,,FALSE,20240102_OR_EARLIER,KRX_OPEN_API_STK_ISU_BASE_INFO,VERIFIED_DELISTED
214310,에스엘바이오닉스,KRX_KOSDAQ,2015-06-25,KRX_HISTORICAL_API,DELISTED,KRX_API_ABSENCE,,,FALSE,20240102_OR_EARLIER,KRX_OPEN_API_STK_ISU_BASE_INFO,VERIFIED_DELISTED
435870,에스케이증권제8호스팩,KRX_KOSDAQ,2022-10-06,KRX_HISTORICAL_API,DELISTED,KRX_API_ABSENCE,,,FALSE,20240102_OR_EARLIER,KRX_OPEN_API_STK_ISU_BASE_INFO,VERIFIED_DELISTED
054630,에이디칩스,KRX_KOSDAQ,2001-11-13,KRX_HISTORICAL_API,DELISTED,KRX_API_ABSENCE,,,FALSE,20240102_OR_EARLIER,KRX_OPEN_API_STK_ISU_BASE_INFO,VERIFIED_DELISTED
227100,에이치앤비디자인,KRX_KOSDAQ,2018-11-15,KRX_HISTORICAL_API,DELISTED,KRX_API_ABSENCE,,,FALSE,20240102_OR_EARLIER,KRX_OPEN_API_STK_ISU_BASE_INFO,VERIFIED_DELISTED
353070,에이치엠씨제4호스팩,KRX_KOSDAQ,2020-07-29,KRX_HISTORICAL_API,DELISTED,KRX_API_ABSENCE,,,FALSE,20240102_OR_EARLIER,KRX_OPEN_API_STK_ISU_BASE_INFO,VERIFIED_DELISTED
353060,에이치엠씨제5호스팩,KRX_KOSDAQ,2020-12-16,KRX_HISTORICAL_API,DELISTED,KRX_API_ABSENCE,,,FALSE,20240102_OR_EARLIER,KRX_OPEN_API_STK_ISU_BASE_INFO,VERIFIED_DELISTED
230980,에이트원,KRX_KOSDAQ,2016-03-02,KRX_HISTORICAL_API,DELISTED,KRX_API_ABSENCE,,,FALSE,20240102_OR_EARLIER,KRX_OPEN_API_STK_ISU_BASE_INFO,VERIFIED_DELISTED
089530,에이티세미콘,KRX_KOSDAQ,2011-11-11,KRX_HISTORICAL_API,DELISTED,KRX_API_ABSENCE,,,FALSE,20240102_OR_EARLIER,KRX_OPEN_API_STK_ISU_BASE_INFO,VERIFIED_DELISTED
230360,에코마케팅,KRX_KOSDAQ,2016-08-08,KRX_HISTORICAL_API,DELISTED,KRX_API_ABSENCE,,,FALSE,20240102_OR_EARLIER,KRX_OPEN_API_STK_ISU_BASE_INFO,VERIFIED_DELISTED
043090,엑서지21,KRX_KOSDAQ,2001-10-11,KRX_HISTORICAL_API,DELISTED,KRX_API_ABSENCE,,,FALSE,20240102_OR_EARLIER,KRX_OPEN_API_STK_ISU_BASE_INFO,VERIFIED_DELISTED
391060,엔에이치스팩20호,KRX_KOSDAQ,2021-10-05,KRX_HISTORICAL_API,DELISTED,KRX_API_ABSENCE,,,FALSE,20240102_OR_EARLIER,KRX_OPEN_API_STK_ISU_BASE_INFO,VERIFIED_DELISTED
396770,엔에이치스팩22호,KRX_KOSDAQ,2021-12-24,KRX_HISTORICAL_API,DELISTED,KRX_API_ABSENCE,,,FALSE,20240102_OR_EARLIER,KRX_OPEN_API_STK_ISU_BASE_INFO,VERIFIED_DELISTED
422040,엔에이치스팩23호,KRX_KOSDAQ,2022-06-28,KRX_HISTORICAL_API,DELISTED,KRX_API_ABSENCE,,,FALSE,20240102_OR_EARLIER,KRX_OPEN_API_STK_ISU_BASE_INFO,VERIFIED_DELISTED
437780,엔에이치스팩24호,KRX_KOSDAQ,2022-10-20,KRX_HISTORICAL_API,DELISTED,KRX_API_ABSENCE,,,FALSE,20240102_OR_EARLIER,KRX_OPEN_API_STK_ISU_BASE_INFO,VERIFIED_DELISTED
438580,엔에이치스팩25호,KRX_KOSDAQ,2022-11-03,KRX_HISTORICAL_API,DELISTED,KRX_API_ABSENCE,,,FALSE,20240102_OR_EARLIER,KRX_OPEN_API_STK_ISU_BASE_INFO,VERIFIED_DELISTED
439410,엔에이치스팩26호,KRX_KOSDAQ,2022-12-01,KRX_HISTORICAL_API,DELISTED,KRX_API_ABSENCE,,,FALSE,20240102_OR_EARLIER,KRX_OPEN_API_STK_ISU_BASE_INFO,VERIFIED_DELISTED
440820,엔에이치스팩27호,KRX_KOSDAQ,2022-12-16,KRX_HISTORICAL_API,DELISTED,KRX_API_ABSENCE,,,FALSE,20240102_OR_EARLIER,KRX_OPEN_API_STK_ISU_BASE_INFO,VERIFIED_DELISTED
376190,엘비루셈,KRX_KOSDAQ,2021-06-11,KRX_HISTORICAL_API,DELISTED,KRX_API_ABSENCE,,,FALSE,20240102_OR_EARLIER,KRX_OPEN_API_STK_ISU_BASE_INFO,VERIFIED_DELISTED
138690,엘아이에스,KRX_KOSDAQ,2011-06-02,KRX_HISTORICAL_API,DELISTED,KRX_API_ABSENCE,,,FALSE,20240102_OR_EARLIER,KRX_OPEN_API_STK_ISU_BASE_INFO,VERIFIED_DELISTED
019590,엠벤처투자,KRX_KOSDAQ,1989-03-14,KRX_HISTORICAL_API,DELISTED,KRX_API_ABSENCE,,,FALSE,20240102_OR_EARLIER,KRX_OPEN_API_STK_ISU_BASE_INFO,VERIFIED_DELISTED
323230,엠에프엠코리아,KRX_KOSDAQ,2019-06-19,KRX_HISTORICAL_API,DELISTED,KRX_API_ABSENCE,,,FALSE,20240102_OR_EARLIER,KRX_OPEN_API_STK_ISU_BASE_INFO,VERIFIED_DELISTED
050540,엠피씨플러스,KRX_KOSDAQ,2005-12-12,KRX_HISTORICAL_API,DELISTED,KRX_API_ABSENCE,,,FALSE,20240102_OR_EARLIER,KRX_OPEN_API_STK_ISU_BASE_INFO,VERIFIED_DELISTED
115960,연우,KRX_KOSDAQ,2015-11-02,KRX_HISTORICAL_API,DELISTED,KRX_API_ABSENCE,,,FALSE,20240102_OR_EARLIER,KRX_OPEN_API_STK_ISU_BASE_INFO,VERIFIED_DELISTED
048260,오스템임플란트,KRX_KOSDAQ,2007-02-07,KRX_HISTORICAL_API,DELISTED,KRX_API_ABSENCE,,,FALSE,20240102_OR_EARLIER,KRX_OPEN_API_STK_ISU_BASE_INFO,VERIFIED_DELISTED
071460,위니아,KRX_KOSDAQ,2016-07-14,KRX_HISTORICAL_API,DELISTED,KRX_API_ABSENCE,,,FALSE,20240102_OR_EARLIER,KRX_OPEN_API_STK_ISU_BASE_INFO,VERIFIED_DELISTED
064510,유네코,KRX_KOSDAQ,2018-03-15,KRX_HISTORICAL_API,DELISTED,KRX_API_ABSENCE,,,FALSE,20240102_OR_EARLIER,KRX_OPEN_API_STK_ISU_BASE_INFO,VERIFIED_DELISTED
038340,UCI,KRX_KOSDAQ,2001-11-22,KRX_HISTORICAL_API,DELISTED,KRX_API_ABSENCE,,,FALSE,20240102_OR_EARLIER,KRX_OPEN_API_STK_ISU_BASE_INFO,VERIFIED_DELISTED
435380,유안타제10호스팩,KRX_KOSDAQ,2022-10-06,KRX_HISTORICAL_API,DELISTED,KRX_API_ABSENCE,,,FALSE,20240102_OR_EARLIER,KRX_OPEN_API_STK_ISU_BASE_INFO,VERIFIED_DELISTED
367480,유안타제8호스팩,KRX_KOSDAQ,2021-04-05,KRX_HISTORICAL_API,DELISTED,KRX_API_ABSENCE,,,FALSE,20240102_OR_EARLIER,KRX_OPEN_API_STK_ISU_BASE_INFO,VERIFIED_DELISTED
430700,유안타제9호스팩,KRX_KOSDAQ,2022-08-04,KRX_HISTORICAL_API,DELISTED,KRX_API_ABSENCE,,,FALSE,20240102_OR_EARLIER,KRX_OPEN_API_STK_ISU_BASE_INFO,VERIFIED_DELISTED
373340,유진스팩6호,KRX_KOSDAQ,2021-04-08,KRX_HISTORICAL_API,DELISTED,KRX_API_ABSENCE,,,FALSE,20240102_OR_EARLIER,KRX_OPEN_API_STK_ISU_BASE_INFO,VERIFIED_DELISTED
388800,유진스팩7호,KRX_KOSDAQ,2021-09-13,KRX_HISTORICAL_API,DELISTED,KRX_API_ABSENCE,,,FALSE,20240102_OR_EARLIER,KRX_OPEN_API_STK_ISU_BASE_INFO,VERIFIED_DELISTED
442130,유진스팩9호,KRX_KOSDAQ,2022-12-01,KRX_HISTORICAL_API,DELISTED,KRX_API_ABSENCE,,,FALSE,20240102_OR_EARLIER,KRX_OPEN_API_STK_ISU_BASE_INFO,VERIFIED_DELISTED
164060,이루다,KRX_KOSDAQ,2020-08-06,KRX_HISTORICAL_API,DELISTED,KRX_API_ABSENCE,,,FALSE,20240102_OR_EARLIER,KRX_OPEN_API_STK_ISU_BASE_INFO,VERIFIED_DELISTED
181340,이즈미디어,KRX_KOSDAQ,2017-07-26,KRX_HISTORICAL_API,DELISTED,KRX_API_ABSENCE,,,FALSE,20240102_OR_EARLIER,KRX_OPEN_API_STK_ISU_BASE_INFO,VERIFIED_DELISTED
160600,이큐셀,KRX_KOSDAQ,2015-06-26,KRX_HISTORICAL_API,DELISTED,KRX_API_ABSENCE,,,FALSE,20240102_OR_EARLIER,KRX_OPEN_API_STK_ISU_BASE_INFO,VERIFIED_DELISTED
096040,이트론,KRX_KOSDAQ,2008-01-25,KRX_HISTORICAL_API,DELISTED,KRX_API_ABSENCE,,,FALSE,20240102_OR_EARLIER,KRX_OPEN_API_STK_ISU_BASE_INFO,VERIFIED_DELISTED
024810,이화전기,KRX_KOSDAQ,1994-12-29,KRX_HISTORICAL_API,DELISTED,KRX_API_ABSENCE,,,FALSE,20240102_OR_EARLIER,KRX_OPEN_API_STK_ISU_BASE_INFO,VERIFIED_DELISTED
150840,인트로메딕,KRX_KOSDAQ,2013-12-19,KRX_HISTORICAL_API,DELISTED,KRX_API_ABSENCE,,,FALSE,20240102_OR_EARLIER,KRX_OPEN_API_STK_ISU_BASE_INFO,VERIFIED_DELISTED
174880,장원테크,KRX_KOSDAQ,2016-07-15,KRX_HISTORICAL_API,DELISTED,KRX_API_ABSENCE,,,FALSE,20240102_OR_EARLIER,KRX_OPEN_API_STK_ISU_BASE_INFO,VERIFIED_DELISTED
072520,제넨바이오,KRX_KOSDAQ,2004-10-29,KRX_HISTORICAL_API,DELISTED,KRX_API_ABSENCE,,,FALSE,20240102_OR_EARLIER,KRX_OPEN_API_STK_ISU_BASE_INFO,VERIFIED_DELISTED
287410,제이시스메디칼,KRX_KOSDAQ,2018-05-08,KRX_HISTORICAL_API,DELISTED,KRX_API_ABSENCE,,,FALSE,20240102_OR_EARLIER,KRX_OPEN_API_STK_ISU_BASE_INFO,VERIFIED_DELISTED
058420,제이웨이,KRX_KOSDAQ,2002-01-10,KRX_HISTORICAL_API,DELISTED,KRX_API_ABSENCE,,,FALSE,20240102_OR_EARLIER,KRX_OPEN_API_STK_ISU_BASE_INFO,VERIFIED_DELISTED
052670,제일바이오,KRX_KOSDAQ,2002-01-24,KRX_HISTORICAL_API,DELISTED,KRX_API_ABSENCE,,,FALSE,20240102_OR_EARLIER,KRX_OPEN_API_STK_ISU_BASE_INFO,VERIFIED_DELISTED
044060,조광ILI,KRX_KOSDAQ,2001-01-18,KRX_HISTORICAL_API,DELISTED,KRX_API_ABSENCE,,,FALSE,20240102_OR_EARLIER,KRX_OPEN_API_STK_ISU_BASE_INFO,VERIFIED_DELISTED
078650,지나인제약,KRX_KOSDAQ,2010-10-22,KRX_HISTORICAL_API,DELISTED,KRX_API_ABSENCE,,,FALSE,20240102_OR_EARLIER,KRX_OPEN_API_STK_ISU_BASE_INFO,VERIFIED_DELISTED
036180,지더블유바이텍,KRX_KOSDAQ,1999-12-21,KRX_HISTORICAL_API,DELISTED,KRX_API_ABSENCE,,,FALSE,20240102_OR_EARLIER,KRX_OPEN_API_STK_ISU_BASE_INFO,VERIFIED_DELISTED
119860,커넥트웨이브,KRX_KOSDAQ,2011-01-24,KRX_HISTORICAL_API,DELISTED,KRX_API_ABSENCE,,,FALSE,20240102_OR_EARLIER,KRX_OPEN_API_STK_ISU_BASE_INFO,VERIFIED_DELISTED
900280,골든센츄리,KRX_KOSDAQ,2016-10-19,KRX_HISTORICAL_API,DELISTED,KRX_API_ABSENCE,,,FALSE,20240102_OR_EARLIER,KRX_OPEN_API_STK_ISU_BASE_INFO,VERIFIED_DELISTED
424140,케이비제21호스팩,KRX_KOSDAQ,2022-06-23,KRX_HISTORICAL_API,DELISTED,KRX_API_ABSENCE,,,FALSE,20240102_OR_EARLIER,KRX_OPEN_API_STK_ISU_BASE_INFO,VERIFIED_DELISTED
436530,케이비제22호스팩,KRX_KOSDAQ,2022-09-22,KRX_HISTORICAL_API,DELISTED,KRX_API_ABSENCE,,,FALSE,20240102_OR_EARLIER,KRX_OPEN_API_STK_ISU_BASE_INFO,VERIFIED_DELISTED
440200,케이비제23호스팩,KRX_KOSDAQ,2022-11-03,KRX_HISTORICAL_API,DELISTED,KRX_API_ABSENCE,,,FALSE,20240102_OR_EARLIER,KRX_OPEN_API_STK_ISU_BASE_INFO,VERIFIED_DELISTED
226360,KH 건설,KRX_KOSDAQ,2015-10-22,KRX_HISTORICAL_API,DELISTED,KRX_API_ABSENCE,,,FALSE,20240102_OR_EARLIER,KRX_OPEN_API_STK_ISU_BASE_INFO,VERIFIED_DELISTED
111870,KH 전자,KRX_KOSDAQ,2010-11-05,KRX_HISTORICAL_API,DELISTED,KRX_API_ABSENCE,,,FALSE,20240102_OR_EARLIER,KRX_OPEN_API_STK_ISU_BASE_INFO,VERIFIED_DELISTED
078940,코드네이처,KRX_KOSDAQ,2004-08-27,KRX_HISTORICAL_API,DELISTED,KRX_API_ABSENCE,,,FALSE,20240102_OR_EARLIER,KRX_OPEN_API_STK_ISU_BASE_INFO,VERIFIED_DELISTED
069110,코스온,KRX_KOSDAQ,2003-10-14,KRX_HISTORICAL_API,DELISTED,KRX_API_ABSENCE,,,FALSE,20240102_OR_EARLIER,KRX_OPEN_API_STK_ISU_BASE_INFO,VERIFIED_DELISTED
029960,코엔텍,KRX_KOSDAQ,2004-06-18,KRX_HISTORICAL_API,DELISTED,KRX_API_ABSENCE,,,FALSE,20240102_OR_EARLIER,KRX_OPEN_API_STK_ISU_BASE_INFO,VERIFIED_DELISTED
056000,코원플레이,KRX_KOSDAQ,2003-07-11,KRX_HISTORICAL_API,DELISTED,KRX_API_ABSENCE,,,FALSE,20240102_OR_EARLIER,KRX_OPEN_API_STK_ISU_BASE_INFO,VERIFIED_DELISTED
114120,크루셜텍,KRX_KOSDAQ,2010-07-21,KRX_HISTORICAL_API,DELISTED,KRX_API_ABSENCE,,,FALSE,20240102_OR_EARLIER,KRX_OPEN_API_STK_ISU_BASE_INFO,VERIFIED_DELISTED
413600,키움제6호스팩,KRX_KOSDAQ,2022-04-07,KRX_HISTORICAL_API,DELISTED,KRX_API_ABSENCE,,,FALSE,20240102_OR_EARLIER,KRX_OPEN_API_STK_ISU_BASE_INFO,VERIFIED_DELISTED
433530,키움제7호스팩,KRX_KOSDAQ,2022-09-07,KRX_HISTORICAL_API,DELISTED,KRX_API_ABSENCE,,,FALSE,20240102_OR_EARLIER,KRX_OPEN_API_STK_ISU_BASE_INFO,VERIFIED_DELISTED
062860,티엘아이,KRX_KOSDAQ,2006-07-25,KRX_HISTORICAL_API,DELISTED,KRX_API_ABSENCE,,,FALSE,20240102_OR_EARLIER,KRX_OPEN_API_STK_ISU_BASE_INFO,VERIFIED_DELISTED
058530,파나케이아,KRX_KOSDAQ,2002-02-05,KRX_HISTORICAL_API,DELISTED,KRX_API_ABSENCE,,,FALSE,20240102_OR_EARLIER,KRX_OPEN_API_STK_ISU_BASE_INFO,VERIFIED_DELISTED
208340,파멥신,KRX_KOSDAQ,2018-11-21,KRX_HISTORICAL_API,DELISTED,KRX_API_ABSENCE,,,FALSE,20240102_OR_EARLIER,KRX_OPEN_API_STK_ISU_BASE_INFO,VERIFIED_DELISTED
203690,프로스테믹스,KRX_KOSDAQ,2014-09-30,KRX_HISTORICAL_API,DELISTED,KRX_API_ABSENCE,,,FALSE,20240102_OR_EARLIER,KRX_OPEN_API_STK_ISU_BASE_INFO,VERIFIED_DELISTED
057880,피에이치씨,KRX_KOSDAQ,2003-12-29,KRX_HISTORICAL_API,DELISTED,KRX_API_ABSENCE,,,FALSE,20240102_OR_EARLIER,KRX_OPEN_API_STK_ISU_BASE_INFO,VERIFIED_DELISTED
343510,하나금융16호스팩,KRX_KOSDAQ,2020-07-23,KRX_HISTORICAL_API,DELISTED,KRX_API_ABSENCE,,,FALSE,20240102_OR_EARLIER,KRX_OPEN_API_STK_ISU_BASE_INFO,VERIFIED_DELISTED
388220,하나금융19호스팩,KRX_KOSDAQ,2021-10-07,KRX_HISTORICAL_API,DELISTED,KRX_API_ABSENCE,,,FALSE,20240102_OR_EARLIER,KRX_OPEN_API_STK_ISU_BASE_INFO,VERIFIED_DELISTED
400560,하나금융20호스팩,KRX_KOSDAQ,2021-12-27,KRX_HISTORICAL_API,DELISTED,KRX_API_ABSENCE,,,FALSE,20240102_OR_EARLIER,KRX_OPEN_API_STK_ISU_BASE_INFO,VERIFIED_DELISTED
406760,하나금융21호스팩,KRX_KOSDAQ,2022-02-25,KRX_HISTORICAL_API,DELISTED,KRX_API_ABSENCE,,,FALSE,20240102_OR_EARLIER,KRX_OPEN_API_STK_ISU_BASE_INFO,VERIFIED_DELISTED
418170,하나금융22호스팩,KRX_KOSDAQ,2022-05-26,KRX_HISTORICAL_API,DELISTED,KRX_API_ABSENCE,,,FALSE,20240102_OR_EARLIER,KRX_OPEN_API_STK_ISU_BASE_INFO,VERIFIED_DELISTED
427950,하나금융23호스팩,KRX_KOSDAQ,2022-09-15,KRX_HISTORICAL_API,DELISTED,KRX_API_ABSENCE,,,FALSE,20240102_OR_EARLIER,KRX_OPEN_API_STK_ISU_BASE_INFO,VERIFIED_DELISTED
430230,하나금융24호스팩,KRX_KOSDAQ,2022-09-29,KRX_HISTORICAL_API,DELISTED,KRX_API_ABSENCE,,,FALSE,20240102_OR_EARLIER,KRX_OPEN_API_STK_ISU_BASE_INFO,VERIFIED_DELISTED
435620,하나금융25호스팩,KRX_KOSDAQ,2022-10-20,KRX_HISTORICAL_API,DELISTED,KRX_API_ABSENCE,,,FALSE,20240102_OR_EARLIER,KRX_OPEN_API_STK_ISU_BASE_INFO,VERIFIED_DELISTED
372290,하나머스트7호스팩,KRX_KOSDAQ,2021-03-05,KRX_HISTORICAL_API,DELISTED,KRX_API_ABSENCE,,,FALSE,20240102_OR_EARLIER,KRX_OPEN_API_STK_ISU_BASE_INFO,VERIFIED_DELISTED
377400,하이제6호스팩,KRX_KOSDAQ,2021-05-10,KRX_HISTORICAL_API,DELISTED,KRX_API_ABSENCE,,,FALSE,20240102_OR_EARLIER,KRX_OPEN_API_STK_ISU_BASE_INFO,VERIFIED_DELISTED
400840,하이제7호스팩,KRX_KOSDAQ,2021-12-20,KRX_HISTORICAL_API,DELISTED,KRX_API_ABSENCE,,,FALSE,20240102_OR_EARLIER,KRX_OPEN_API_STK_ISU_BASE_INFO,VERIFIED_DELISTED
409570,한국제10호스팩,KRX_KOSDAQ,2022-02-21,KRX_HISTORICAL_API,DELISTED,KRX_API_ABSENCE,,,FALSE,20240102_OR_EARLIER,KRX_OPEN_API_STK_ISU_BASE_INFO,VERIFIED_DELISTED
436610,한국제11호스팩,KRX_KOSDAQ,2022-10-20,KRX_HISTORICAL_API,DELISTED,KRX_API_ABSENCE,,,FALSE,20240102_OR_EARLIER,KRX_OPEN_API_STK_ISU_BASE_INFO,VERIFIED_DELISTED
053590,한국테크놀로지,KRX_KOSDAQ,2001-08-23,KRX_HISTORICAL_API,DELISTED,KRX_API_ABSENCE,,,FALSE,20240102_OR_EARLIER,KRX_OPEN_API_STK_ISU_BASE_INFO,VERIFIED_DELISTED
226440,한송네오텍,KRX_KOSDAQ,2015-10-06,KRX_HISTORICAL_API,DELISTED,KRX_API_ABSENCE,,,FALSE,20240102_OR_EARLIER,KRX_OPEN_API_STK_ISU_BASE_INFO,VERIFIED_DELISTED
386580,한화플러스제2호스팩,KRX_KOSDAQ,2021-08-05,KRX_HISTORICAL_API,DELISTED,KRX_API_ABSENCE,,,FALSE,20240102_OR_EARLIER,KRX_OPEN_API_STK_ISU_BASE_INFO,VERIFIED_DELISTED
430460,한화플러스제3호스팩,KRX_KOSDAQ,2022-09-29,KRX_HISTORICAL_API,DELISTED,KRX_API_ABSENCE,,,FALSE,20240102_OR_EARLIER,KRX_OPEN_API_STK_ISU_BASE_INFO,VERIFIED_DELISTED
000995,DB하이텍1우,KRX_KOSPI,2007-05-21,KRX_HISTORICAL_API,DELISTED,KRX_API_ABSENCE,,,FALSE,20240102_OR_EARLIER,KRX_OPEN_API_STK_ISU_BASE_INFO,VERIFIED_DELISTED
001745,SK네트웍스우,KRX_KOSPI,1989-12-21,KRX_HISTORICAL_API,DELISTED,KRX_API_ABSENCE,,,FALSE,20240102_OR_EARLIER,KRX_OPEN_API_STK_ISU_BASE_INFO,VERIFIED_DELISTED
010145,삼성중공우,KRX_KOSPI,1994-11-22,KRX_HISTORICAL_API,DELISTED,KRX_API_ABSENCE,,,FALSE,20240102_OR_EARLIER,KRX_OPEN_API_STK_ISU_BASE_INFO,VERIFIED_DELISTED
000075,삼양홀딩스우,KRX_KOSPI,1992-02-21,KRX_HISTORICAL_API,DELISTED,KRX_API_ABSENCE,,,FALSE,20240102_OR_EARLIER,KRX_OPEN_API_STK_ISU_BASE_INFO,VERIFIED_DELISTED
001725,신영증권우,KRX_KOSPI,1988-08-16,KRX_HISTORICAL_API,DELISTED,KRX_API_ABSENCE,,,FALSE,20240102_OR_EARLIER,KRX_OPEN_API_STK_ISU_BASE_INFO,VERIFIED_DELISTED
000885,한화우,KRX_KOSPI,1990-01-22,KRX_HISTORICAL_API,DELISTED,KRX_API_ABSENCE,,,FALSE,20240102_OR_EARLIER,KRX_OPEN_API_STK_ISU_BASE_INFO,VERIFIED_DELISTED
004565,현대비앤지스틸우,KRX_KOSPI,1989-08-31,KRX_HISTORICAL_API,DELISTED,KRX_API_ABSENCE,,,FALSE,20240102_OR_EARLIER,KRX_OPEN_API_STK_ISU_BASE_INFO,VERIFIED_DELISTED
000547,흥국화재2우B,KRX_KOSPI,1999-08-09,KRX_HISTORICAL_API,DELISTED,KRX_API_ABSENCE,,,FALSE,20240102_OR_EARLIER,KRX_OPEN_API_STK_ISU_BASE_INFO,VERIFIED_DELISTED
08537M,루트로닉3우C,KRX_KOSDAQ,2016-12-15,KRX_HISTORICAL_API,DELISTED,KRX_API_ABSENCE,,,FALSE,20240102_OR_EARLIER,KRX_OPEN_API_STK_ISU_BASE_INFO,VERIFIED_DELISTED