stock_code,instrument_name,previous_market_code,previous_listing_date,current_api_present,listing_status,delisting_date,evidence_type,evidence_date,evidence_reference,evidence_hash,verification_result,review_note
001880,DL건설,KRX_KOSPI,1977-12-22,FALSE,LISTED,,NONE,,,,,MISSING_FROM_CURRENT_SOURCE|DELISTING_UNVERIFIED|NOT_INCLUDED_IN_V4_PAYLOAD
003560,IHQ,KRX_KOSPI,1973-12-18,FALSE,LISTED,,NONE,,,,,MISSING_FROM_CURRENT_SOURCE|DELISTING_UNVERIFIED|NOT_INCLUDED_IN_V4_PAYLOAD
033180,KH 필룩스,KRX_KOSPI,2001-12-26,FALSE,LISTED,,NONE,,,,,MISSING_FROM_CURRENT_SOURCE|DELISTING_UNVERIFIED|NOT_INCLUDED_IN_V4_PAYLOAD
001140,국보,KRX_KOSPI,1989-12-02,FALSE,LISTED,,NONE,,,,,MISSING_FROM_CURRENT_SOURCE|DELISTING_UNVERIFIED|NOT_INCLUDED_IN_V4_PAYLOAD
008110,대동전자,KRX_KOSPI,1990-06-05,FALSE,LISTED,,NONE,,,,,MISSING_FROM_CURRENT_SOURCE|DELISTING_UNVERIFIED|NOT_INCLUDED_IN_V4_PAYLOAD
012510,더존비즈온,KRX_KOSPI,1988-10-28,FALSE,LISTED,,NONE,,,,,MISSING_FROM_CURRENT_SOURCE|DELISTING_UNVERIFIED|NOT_INCLUDED_IN_V4_PAYLOAD
282690,동아타이어,KRX_KOSPI,2017-11-29,FALSE,LISTED,,NONE,,,,,MISSING_FROM_CURRENT_SOURCE|DELISTING_UNVERIFIED|NOT_INCLUDED_IN_V4_PAYLOAD
049770,동원F&B,KRX_KOSPI,2000-11-23,FALSE,LISTED,,NONE,,,,,MISSING_FROM_CURRENT_SOURCE|DELISTING_UNVERIFIED|NOT_INCLUDED_IN_V4_PAYLOAD
115390,락앤락,KRX_KOSPI,2010-01-28,FALSE,LISTED,,NONE,,,,,MISSING_FROM_CURRENT_SOURCE|DELISTING_UNVERIFIED|NOT_INCLUDED_IN_V4_PAYLOAD
088980,맥쿼리인프라,KRX_KOSPI,2006-03-15,FALSE,LISTED,,NONE,,,,,MISSING_FROM_CURRENT_SOURCE|DELISTING_UNVERIFIED|NOT_INCLUDED_IN_V4_PAYLOAD
008560,메리츠증권,KRX_KOSPI,1992-01-15,FALSE,LISTED,,NONE,,,,,MISSING_FROM_CURRENT_SOURCE|DELISTING_UNVERIFIED|NOT_INCLUDED_IN_V4_PAYLOAD
000060,메리츠화재,KRX_KOSPI,1956-07-02,FALSE,LISTED,,NONE,,,,,MISSING_FROM_CURRENT_SOURCE|DELISTING_UNVERIFIED|NOT_INCLUDED_IN_V4_PAYLOAD
204210,모두투어리츠,KRX_KOSPI,2016-09-22,FALSE,LISTED,,NONE,,,,,MISSING_FROM_CURRENT_SOURCE|DELISTING_UNVERIFIED|NOT_INCLUDED_IN_V4_PAYLOAD
094800,맵스리얼티,KRX_KOSPI,2007-04-09,FALSE,LISTED,,NONE,,,,,MISSING_FROM_CURRENT_SOURCE|DELISTING_UNVERIFIED|NOT_INCLUDED_IN_V4_PAYLOAD
155900,바다로19호,KRX_KOSPI,2012-06-29,FALSE,LISTED,,NONE,,,,,MISSING_FROM_CURRENT_SOURCE|DELISTING_UNVERIFIED|NOT_INCLUDED_IN_V4_PAYLOAD
030790,비케이탑스,KRX_KOSPI,2010-11-02,FALSE,LISTED,,NONE,,,,,MISSING_FROM_CURRENT_SOURCE|DELISTING_UNVERIFIED|NOT_INCLUDED_IN_V4_PAYLOAD
019440,세아특수강,KRX_KOSPI,2011-06-01,FALSE,LISTED,,NONE,,,,,MISSING_FROM_CURRENT_SOURCE|DELISTING_UNVERIFIED|NOT_INCLUDED_IN_V4_PAYLOAD
091090,세원이앤씨,KRX_KOSPI,2006-07-31,FALSE,LISTED,,NONE,,,,,MISSING_FROM_CURRENT_SOURCE|DELISTING_UNVERIFIED|NOT_INCLUDED_IN_V4_PAYLOAD
012600,센트럴인사이트,KRX_KOSPI,1990-07-10,FALSE,LISTED,,NONE,,,,,MISSING_FROM_CURRENT_SOURCE|DELISTING_UNVERIFIED|NOT_INCLUDED_IN_V4_PAYLOAD
005390,신성통상,KRX_KOSPI,1975-12-22,FALSE,LISTED,,NONE,,,,,MISSING_FROM_CURRENT_SOURCE|DELISTING_UNVERIFIED|NOT_INCLUDED_IN_V4_PAYLOAD
034300,신세계건설,KRX_KOSPI,2002-06-17,FALSE,LISTED,,NONE,,,,,MISSING_FROM_CURRENT_SOURCE|DELISTING_UNVERIFIED|NOT_INCLUDED_IN_V4_PAYLOAD
031440,신세계푸드,KRX_KOSPI,2010-04-29,FALSE,LISTED,,NONE,,,,,MISSING_FROM_CURRENT_SOURCE|DELISTING_UNVERIFIED|NOT_INCLUDED_IN_V4_PAYLOAD
102280,쌍방울,KRX_KOSPI,2008-06-10,FALSE,LISTED,,NONE,,,,,MISSING_FROM_CURRENT_SOURCE|DELISTING_UNVERIFIED|NOT_INCLUDED_IN_V4_PAYLOAD
003410,쌍용C&E,KRX_KOSPI,1975-05-03,FALSE,LISTED,,NONE,,,,,MISSING_FROM_CURRENT_SOURCE|DELISTING_UNVERIFIED|NOT_INCLUDED_IN_V4_PAYLOAD
015540,쎌마테라퓨틱스,KRX_KOSPI,1989-09-02,FALSE,LISTED,,NONE,,,,,MISSING_FROM_CURRENT_SOURCE|DELISTING_UNVERIFIED|NOT_INCLUDED_IN_V4_PAYLOAD
068400,SK렌터카,KRX_KOSPI,2012-07-27,FALSE,LISTED,,NONE,,,,,MISSING_FROM_CURRENT_SOURCE|DELISTING_UNVERIFIED|NOT_INCLUDED_IN_V4_PAYLOAD
140910,에이리츠,KRX_KOSPI,2011-07-14,FALSE,LISTED,,NONE,,,,,MISSING_FROM_CURRENT_SOURCE|DELISTING_UNVERIFIED|NOT_INCLUDED_IN_V4_PAYLOAD
380440,엔에이치스팩19호,KRX_KOSPI,2021-05-21,FALSE,LISTED,,NONE,,,,,MISSING_FROM_CURRENT_SOURCE|DELISTING_UNVERIFIED|NOT_INCLUDED_IN_V4_PAYLOAD
010050,우리종금,KRX_KOSPI,1974-09-11,FALSE,LISTED,,NONE,,,,,MISSING_FROM_CURRENT_SOURCE|DELISTING_UNVERIFIED|NOT_INCLUDED_IN_V4_PAYLOAD
010600,웰바이오텍,KRX_KOSPI,1997-07-18,FALSE,LISTED,,NONE,,,,,MISSING_FROM_CURRENT_SOURCE|DELISTING_UNVERIFIED|NOT_INCLUDED_IN_V4_PAYLOAD
093230,이아이디,KRX_KOSPI,2007-11-01,FALSE,LISTED,,NONE,,,,,MISSING_FROM_CURRENT_SOURCE|DELISTING_UNVERIFIED|NOT_INCLUDED_IN_V4_PAYLOAD
008500,일정실업,KRX_KOSPI,1994-08-12,FALSE,LISTED,,NONE,,,,,MISSING_FROM_CURRENT_SOURCE|DELISTING_UNVERIFIED|NOT_INCLUDED_IN_V4_PAYLOAD
138490,코오롱플라스틱,KRX_KOSPI,2011-06-15,FALSE,LISTED,,NONE,,,,,MISSING_FROM_CURRENT_SOURCE|DELISTING_UNVERIFIED|NOT_INCLUDED_IN_V4_PAYLOAD
950210,프레스티지바이오파마,KRX_KOSPI,2021-02-05,FALSE,LISTED,,NONE,,,,,MISSING_FROM_CURRENT_SOURCE|DELISTING_UNVERIFIED|NOT_INCLUDED_IN_V4_PAYLOAD
096300,베트남개발1,KRX_KOSPI,2007-06-13,FALSE,LISTED,,NONE,,,,,MISSING_FROM_CURRENT_SOURCE|DELISTING_UNVERIFIED|NOT_INCLUDED_IN_V4_PAYLOAD
152550,한국ANKOR유전,KRX_KOSPI,2012-03-08,FALSE,LISTED,,NONE,,,,,MISSING_FROM_CURRENT_SOURCE|DELISTING_UNVERIFIED|NOT_INCLUDED_IN_V4_PAYLOAD
168490,한국패러랠,KRX_KOSPI,2013-04-19,FALSE,LISTED,,NONE,,,,,MISSING_FROM_CURRENT_SOURCE|DELISTING_UNVERIFIED|NOT_INCLUDED_IN_V4_PAYLOAD
010420,한솔PNS,KRX_KOSPI,1989-05-31,FALSE,LISTED,,NONE,,,,,MISSING_FROM_CURRENT_SOURCE|DELISTING_UNVERIFIED|NOT_INCLUDED_IN_V4_PAYLOAD
006390,한일현대시멘트,KRX_KOSPI,1975-12-26,FALSE,LISTED,,NONE,,,,,MISSING_FROM_CURRENT_SOURCE|DELISTING_UNVERIFIED|NOT_INCLUDED_IN_V4_PAYLOAD
042670,현대두산인프라코어,KRX_KOSPI,2001-02-02,FALSE,LISTED,,NONE,,,,,MISSING_FROM_CURRENT_SOURCE|DELISTING_UNVERIFIED|NOT_INCLUDED_IN_V4_PAYLOAD
010620,현대미포조선,KRX_KOSPI,1983-12-20,FALSE,LISTED,,NONE,,,,,MISSING_FROM_CURRENT_SOURCE|DELISTING_UNVERIFIED|NOT_INCLUDED_IN_V4_PAYLOAD
057050,현대홈쇼핑,KRX_KOSPI,2010-09-13,FALSE,LISTED,,NONE,,,,,MISSING_FROM_CURRENT_SOURCE|DELISTING_UNVERIFIED|NOT_INCLUDED_IN_V4_PAYLOAD
950110,SBI핀테크솔루션즈,KRX_KOSDAQ,2012-12-17,FALSE,LISTED,,NONE,,,,,MISSING_FROM_CURRENT_SOURCE|DELISTING_UNVERIFIED|NOT_INCLUDED_IN_V4_PAYLOAD
014200,광림,KRX_KOSDAQ,1993-07-07,FALSE,LISTED,,NONE,,,,,MISSING_FROM_CURRENT_SOURCE|DELISTING_UNVERIFIED|NOT_INCLUDED_IN_V4_PAYLOAD
397880,교보11호스팩,KRX_KOSDAQ,2021-12-20,FALSE,LISTED,,NONE,,,,,MISSING_FROM_CURRENT_SOURCE|DELISTING_UNVERIFIED|NOT_INCLUDED_IN_V4_PAYLOAD
421800,교보12호스팩,KRX_KOSDAQ,2022-06-24,FALSE,LISTED,,NONE,,,,,MISSING_FROM_CURRENT_SOURCE|DELISTING_UNVERIFIED|NOT_INCLUDED_IN_V4_PAYLOAD
440790,교보13호스팩,KRX_KOSDAQ,2022-11-02,FALSE,LISTED,,NONE,,,,,MISSING_FROM_CURRENT_SOURCE|DELISTING_UNVERIFIED|NOT_INCLUDED_IN_V4_PAYLOAD
950220,네오이뮨텍,KRX_KOSDAQ,2021-03-16,FALSE,LISTED,,NONE,,,,,MISSING_FROM_CURRENT_SOURCE|DELISTING_UNVERIFIED|NOT_INCLUDED_IN_V4_PAYLOAD
106520,노블엠앤비,KRX_KOSDAQ,2012-07-13,FALSE,LISTED,,NONE,,,,,MISSING_FROM_CURRENT_SOURCE|DELISTING_UNVERIFIED|NOT_INCLUDED_IN_V4_PAYLOAD
065560,녹원씨엔아이,KRX_KOSDAQ,2003-07-01,FALSE,LISTED,,NONE,,,,,MISSING_FROM_CURRENT_SOURCE|DELISTING_UNVERIFIED|NOT_INCLUDED_IN_V4_PAYLOAD
214870,뉴지랩파마,KRX_KOSDAQ,2015-10-13,FALSE,LISTED,,NONE,,,,,MISSING_FROM_CURRENT_SOURCE|DELISTING_UNVERIFIED|NOT_INCLUDED_IN_V4_PAYLOAD
298870,다올인베스트먼트,KRX_KOSDAQ,2021-12-16,FALSE,LISTED,,NONE,,,,,MISSING_FROM_CURRENT_SOURCE|DELISTING_UNVERIFIED|NOT_INCLUDED_IN_V4_PAYLOAD
387310,대신밸런스제10호스팩,KRX_KOSDAQ,2021-09-17,FALSE,LISTED,,NONE,,,,,MISSING_FROM_CURRENT_SOURCE|DELISTING_UNVERIFIED|NOT_INCLUDED_IN_V4_PAYLOAD
397500,대신밸런스제11호스팩,KRX_KOSDAQ,2021-12-02,FALSE,LISTED,,NONE,,,,,MISSING_FROM_CURRENT_SOURCE|DELISTING_UNVERIFIED|NOT_INCLUDED_IN_V4_PAYLOAD
426670,대신밸런스제12호스팩,KRX_KOSDAQ,2022-07-14,FALSE,LISTED,,NONE,,,,,MISSING_FROM_CURRENT_SOURCE|DELISTING_UNVERIFIED|NOT_INCLUDED_IN_V4_PAYLOAD
438220,대신밸런스제13호스팩,KRX_KOSDAQ,2022-11-28,FALSE,LISTED,,NONE,,,,,MISSING_FROM_CURRENT_SOURCE|DELISTING_UNVERIFIED|NOT_INCLUDED_IN_V4_PAYLOAD
442310,대신밸런스제14호스팩,KRX_KOSDAQ,2022-12-05,FALSE,LISTED,,NONE,,,,,MISSING_FROM_CURRENT_SOURCE|DELISTING_UNVERIFIED|NOT_INCLUDED_IN_V4_PAYLOAD
006580,대양제지,KRX_KOSDAQ,1993-12-29,FALSE,LISTED,,NONE,,,,,MISSING_FROM_CURRENT_SOURCE|DELISTING_UNVERIFIED|NOT_INCLUDED_IN_V4_PAYLOAD
290380,대유,KRX_KOSDAQ,2018-08-10,FALSE,LISTED,,NONE,,,,,MISSING_FROM_CURRENT_SOURCE|DELISTING_UNVERIFIED|NOT_INCLUDED_IN_V4_PAYLOAD
161570,THE MIDONG,KRX_KOSDAQ,2013-11-13,FALSE,LISTED,,NONE,,,,,MISSING_FROM_CURRENT_SOURCE|DELISTING_UNVERIFIED|NOT_INCLUDED_IN_V4_PAYLOAD
217620,디딤이앤에프,KRX_KOSDAQ,2015-06-10,FALSE,LISTED,,NONE,,,,,MISSING_FROM_CURRENT_SOURCE|DELISTING_UNVERIFIED|NOT_INCLUDED_IN_V4_PAYLOAD
404950,DB금융스팩10호,KRX_KOSDAQ,2022-01-20,FALSE,LISTED,,NONE,,,,,MISSING_FROM_CURRENT_SOURCE|DELISTING_UNVERIFIED|NOT_INCLUDED_IN_V4_PAYLOAD
367340,DB금융스팩8호,KRX_KOSDAQ,2020-12-09,FALSE,LISTED,,NONE,,,,,MISSING_FROM_CURRENT_SOURCE|DELISTING_UNVERIFIED|NOT_INCLUDED_IN_V4_PAYLOAD
367360,DB금융스팩9호,KRX_KOSDAQ,2021-03-16,FALSE,LISTED,,NONE,,,,,MISSING_FROM_CURRENT_SOURCE|DELISTING_UNVERIFIED|NOT_INCLUDED_IN_V4_PAYLOAD
141020,디에스앤엘,KRX_KOSDAQ,2013-01-29,FALSE,LISTED,,NONE,,,,,MISSING_FROM_CURRENT_SOURCE|DELISTING_UNVERIFIED|NOT_INCLUDED_IN_V4_PAYLOAD
085370,루트로닉,KRX_KOSDAQ,2006-07-04,FALSE,LISTED,,NONE,,,,,MISSING_FROM_CURRENT_SOURCE|DELISTING_UNVERIFIED|NOT_INCLUDED_IN_V4_PAYLOAD
060240,룽투코리아,KRX_KOSDAQ,2002-01-04,FALSE,LISTED,,NONE,,,,,MISSING_FROM_CURRENT_SOURCE|DELISTING_UNVERIFIED|NOT_INCLUDED_IN_V4_PAYLOAD
096640,멜파스,KRX_KOSDAQ,2009-12-18,FALSE,LISTED,,NONE,,,,,MISSING_FROM_CURRENT_SOURCE|DELISTING_UNVERIFIED|NOT_INCLUDED_IN_V4_PAYLOAD
353490,미래에셋대우스팩 5호,KRX_KOSDAQ,2020-08-28,FALSE,LISTED,,NONE,,,,,MISSING_FROM_CURRENT_SOURCE|DELISTING_UNVERIFIED|NOT_INCLUDED_IN_V4_PAYLOAD
412930,미래에셋비전스팩1호,KRX_KOSDAQ,2022-04-21,FALSE,LISTED,,NONE,,,,,MISSING_FROM_CURRENT_SOURCE|DELISTING_UNVERIFIED|NOT_INCLUDED_IN_V4_PAYLOAD
950190,고스트스튜디오,KRX_KOSDAQ,2020-08-18,FALSE,LISTED,,NONE,,,,,MISSING_FROM_CURRENT_SOURCE|DELISTING_UNVERIFIED|NOT_INCLUDED_IN_V4_PAYLOAD
032980,바이온,KRX_KOSDAQ,1997-08-06,FALSE,LISTED,,NONE,,,,,MISSING_FROM_CURRENT_SOURCE|DELISTING_UNVERIFIED|NOT_INCLUDED_IN_V4_PAYLOAD
222160,바이옵트로,KRX_KOSDAQ,2021-11-18,FALSE,LISTED,,NONE,,,,,MISSING_FROM_CURRENT_SOURCE|DELISTING_UNVERIFIED|NOT_INCLUDED_IN_V4_PAYLOAD
299910,베스파,KRX_KOSDAQ,2018-12-03,FALSE,LISTED,,NONE,,,,,MISSING_FROM_CURRENT_SOURCE|DELISTING_UNVERIFIED|NOT_INCLUDED_IN_V4_PAYLOAD
148140,비디아이,KRX_KOSDAQ,2017-11-09,FALSE,LISTED,,NONE,,,,,MISSING_FROM_CURRENT_SOURCE|DELISTING_UNVERIFIED|NOT_INCLUDED_IN_V4_PAYLOAD
445360,비엔케이제1호스팩,KRX_KOSDAQ,2022-12-22,FALSE,LISTED,,NONE,,,,,MISSING_FROM_CURRENT_SOURCE|DELISTING_UNVERIFIED|NOT_INCLUDED_IN_V4_PAYLOAD
335890,비올,KRX_KOSDAQ,2019-12-03,FALSE,LISTED,,NONE,,,,,MISSING_FROM_CURRENT_SOURCE|DELISTING_UNVERIFIED|NOT_INCLUDED_IN_V4_PAYLOAD
138580,비즈니스온,KRX_KOSDAQ,2017-11-30,FALSE,LISTED,,NONE,,,,,MISSING_FROM_CURRENT_SOURCE|DELISTING_UNVERIFIED|NOT_INCLUDED_IN_V4_PAYLOAD
377630,삼성스팩4호,KRX_KOSDAQ,2021-05-21,FALSE,LISTED,,NONE,,,,,MISSING_FROM_CURRENT_SOURCE|DELISTING_UNVERIFIED|NOT_INCLUDED_IN_V4_PAYLOAD
425290,삼성스팩6호,KRX_KOSDAQ,2022-06-30,FALSE,LISTED,,NONE,,,,,MISSING_FROM_CURRENT_SOURCE|DELISTING_UNVERIFIED|NOT_INCLUDED_IN_V4_PAYLOAD
439250,삼성스팩7호,KRX_KOSDAQ,2022-10-26,FALSE,LISTED,,NONE,,,,,MISSING_FROM_CURRENT_SOURCE|DELISTING_UNVERIFIED|NOT_INCLUDED_IN_V4_PAYLOAD
380320,삼성머스트스팩5호,KRX_KOSDAQ,2021-06-17,FALSE,LISTED,,NONE,,,,,MISSING_FROM_CURRENT_SOURCE|DELISTING_UNVERIFIED|NOT_INCLUDED_IN_V4_PAYLOAD
415580,상상인제3호스팩,KRX_KOSDAQ,2022-04-29,FALSE,LISTED,,NONE,,,,,MISSING_FROM_CURRENT_SOURCE|DELISTING_UNVERIFIED|NOT_INCLUDED_IN_V4_PAYLOAD
222810,세토피아,KRX_KOSDAQ,2015-08-13,FALSE,LISTED,,NONE,,,,,MISSING_FROM_CURRENT_SOURCE|DELISTING_UNVERIFIED|NOT_INCLUDED_IN_V4_PAYLOAD
268600,셀리버리,KRX_KOSDAQ,2018-11-09,FALSE,LISTED,,NONE,,,,,MISSING_FROM_CURRENT_SOURCE|DELISTING_UNVERIFIED|NOT_INCLUDED_IN_V4_PAYLOAD
091990,셀트리온헬스케어,KRX_KOSDAQ,2017-07-28,FALSE,LISTED,,NONE,,,,,MISSING_FROM_CURRENT_SOURCE|DELISTING_UNVERIFIED|NOT_INCLUDED_IN_V4_PAYLOAD
950200,소마젠,KRX_KOSDAQ,2020-07-13,FALSE,LISTED,,NONE,,,,,MISSING_FROM_CURRENT_SOURCE|DELISTING_UNVERIFIED|NOT_INCLUDED_IN_V4_PAYLOAD
136510,스마트솔루션즈,KRX_KOSDAQ,2011-11-18,FALSE,LISTED,,NONE,,,,,MISSING_FROM_CURRENT_SOURCE|DELISTING_UNVERIFIED|NOT_INCLUDED_IN_V4_PAYLOAD
204630,스튜디오산타클로스,KRX_KOSDAQ,2014-12-29,FALSE,LISTED,,NONE,,,,,MISSING_FROM_CURRENT_SOURCE|DELISTING_UNVERIFIED|NOT_INCLUDED_IN_V4_PAYLOAD
139050,시티랩스,KRX_KOSDAQ,2011-07-29,FALSE,LISTED,,NONE,,,,,MISSING_FROM_CURRENT_SOURCE|DELISTING_UNVERIFIED|NOT_INCLUDED_IN_V4_PAYLOAD
344050,신영스팩6호,KRX_KOSDAQ,2020-02-12,FALSE,LISTED,,NONE,,,,,MISSING_FROM_CURRENT_SOURCE|DELISTING_UNVERIFIED|NOT_INCLUDED_IN_V4_PAYLOAD
419270,신영스팩7호,KRX_KOSDAQ,2022-04-28,FALSE,LISTED,,NONE,,,,,MISSING_FROM_CURRENT_SOURCE|DELISTING_UNVERIFIED|NOT_INCLUDED_IN_V4_PAYLOAD
430220,신영스팩8호,KRX_KOSDAQ,2022-08-26,FALSE,LISTED,,NONE,,,,,MISSING_FROM_CURRENT_SOURCE|DELISTING_UNVERIFIED|NOT_INCLUDED_IN_V4_PAYLOAD
445970,신영스팩9호,KRX_KOSDAQ,2022-12-27,FALSE,LISTED,,NONE,,,,,MISSING_FROM_CURRENT_SOURCE|DELISTING_UNVERIFIED|NOT_INCLUDED_IN_V4_PAYLOAD
418210,신한제10호스팩,KRX_KOSDAQ,2022-07-29,FALSE,LISTED,,NONE,,,,,MISSING_FROM_CURRENT_SOURCE|DELISTING_UNVERIFIED|NOT_INCLUDED_IN_V4_PAYLOAD
366330,신한제7호스팩,KRX_KOSDAQ,2021-02-04,FALSE,LISTED,,NONE,,,,,MISSING_FROM_CURRENT_SOURCE|DELISTING_UNVERIFIED|NOT_INCLUDED_IN_V4_PAYLOAD
393360,신한제8호스팩,KRX_KOSDAQ,2021-09-27,FALSE,LISTED,,NONE,,,,,MISSING_FROM_CURRENT_SOURCE|DELISTING_UNVERIFIED|NOT_INCLUDED_IN_V4_PAYLOAD
405640,신한제9호스팩,KRX_KOSDAQ,2022-04-27,FALSE,LISTED,,NONE,,,,,MISSING_FROM_CURRENT_SOURCE|DELISTING_UNVERIFIED|NOT_INCLUDED_IN_V4_PAYLOAD
023460,CNH,KRX_KOSDAQ,1994-10-07,FALSE,LISTED,,NONE,,,,,MISSING_FROM_CURRENT_SOURCE|DELISTING_UNVERIFIED|NOT_INCLUDED_IN_V4_PAYLOAD
058220,아리온,KRX_KOSDAQ,2005-08-05,FALSE,LISTED,,NONE,,,,,MISSING_FROM_CURRENT_SOURCE|DELISTING_UNVERIFIED|NOT_INCLUDED_IN_V4_PAYLOAD
351340,IBKS제13호스팩,KRX_KOSDAQ,2020-07-15,FALSE,LISTED,,NONE,,,,,MISSING_FROM_CURRENT_SOURCE|DELISTING_UNVERIFIED|NOT_INCLUDED_IN_V4_PAYLOAD
405350,IBKS제17호스팩,KRX_KOSDAQ,2022-02-18,FALSE,LISTED,,NONE,,,,,MISSING_FROM_CURRENT_SOURCE|DELISTING_UNVERIFIED|NOT_INCLUDED_IN_V4_PAYLOAD
426550,IBKS제19호스팩,KRX_KOSDAQ,2022-08-26,FALSE,LISTED,,NONE,,,,,MISSING_FROM_CURRENT_SOURCE|DELISTING_UNVERIFIED|NOT_INCLUDED_IN_V4_PAYLOAD
439730,IBKS제20호스팩,KRX_KOSDAQ,2022-10-28,FALSE,LISTED,,NONE,,,,,MISSING_FROM_CURRENT_SOURCE|DELISTING_UNVERIFIED|NOT_INCLUDED_IN_V4_PAYLOAD
442770,IBKS제21호스팩,KRX_KOSDAQ,2022-12-16,FALSE,LISTED,,NONE,,,,,MISSING_FROM_CURRENT_SOURCE|DELISTING_UNVERIFIED|NOT_INCLUDED_IN_V4_PAYLOAD
101390,아이엠,KRX_KOSDAQ,2008-07-23,FALSE,LISTED,,NONE,,,,,MISSING_FROM_CURRENT_SOURCE|DELISTING_UNVERIFIED|NOT_INCLUDED_IN_V4_PAYLOAD
263540,어스앤에어로스페이스,KRX_KOSDAQ,2017-09-15,FALSE,LISTED,,NONE,,,,,MISSING_FROM_CURRENT_SOURCE|DELISTING_UNVERIFIED|NOT_INCLUDED_IN_V4_PAYLOAD
151910,SBW생명과학,KRX_KOSDAQ,2012-08-02,FALSE,LISTED,,NONE,,,,,MISSING_FROM_CURRENT_SOURCE|DELISTING_UNVERIFIED|NOT_INCLUDED_IN_V4_PAYLOAD
046140,SBS콘텐츠허브,KRX_KOSDAQ,2003-02-05,FALSE,LISTED,,NONE,,,,,MISSING_FROM_CURRENT_SOURCE|DELISTING_UNVERIFIED|NOT_INCLUDED_IN_V4_PAYLOAD
080000,에스엔유,KRX_KOSDAQ,2005-01-25,FALSE,LISTED,,NONE,,,,,MISSING_FROM_CURRENT_SOURCE|DELISTING_UNVERIFIED|NOT_INCLUDED_IN_V4_PAYLOAD
214310,에스엘바이오닉스,KRX_KOSDAQ,2015-06-25,FALSE,LISTED,,NONE,,,,,MISSING_FROM_CURRENT_SOURCE|DELISTING_UNVERIFIED|NOT_INCLUDED_IN_V4_PAYLOAD
435870,에스케이증권제8호스팩,KRX_KOSDAQ,2022-10-06,FALSE,LISTED,,NONE,,,,,MISSING_FROM_CURRENT_SOURCE|DELISTING_UNVERIFIED|NOT_INCLUDED_IN_V4_PAYLOAD
054630,에이디칩스,KRX_KOSDAQ,2001-11-13,FALSE,LISTED,,NONE,,,,,MISSING_FROM_CURRENT_SOURCE|DELISTING_UNVERIFIED|NOT_INCLUDED_IN_V4_PAYLOAD
227100,에이치앤비디자인,KRX_KOSDAQ,2018-11-15,FALSE,LISTED,,NONE,,,,,MISSING_FROM_CURRENT_SOURCE|DELISTING_UNVERIFIED|NOT_INCLUDED_IN_V4_PAYLOAD
353070,에이치엠씨제4호스팩,KRX_KOSDAQ,2020-07-29,FALSE,LISTED,,NONE,,,,,MISSING_FROM_CURRENT_SOURCE|DELISTING_UNVERIFIED|NOT_INCLUDED_IN_V4_PAYLOAD
353060,에이치엠씨제5호스팩,KRX_KOSDAQ,2020-12-16,FALSE,LISTED,,NONE,,,,,MISSING_FROM_CURRENT_SOURCE|DELISTING_UNVERIFIED|NOT_INCLUDED_IN_V4_PAYLOAD
230980,에이트원,KRX_KOSDAQ,2016-03-02,FALSE,LISTED,,NONE,,,,,MISSING_FROM_CURRENT_SOURCE|DELISTING_UNVERIFIED|NOT_INCLUDED_IN_V4_PAYLOAD
089530,에이티세미콘,KRX_KOSDAQ,2011-11-11,FALSE,LISTED,,NONE,,,,,MISSING_FROM_CURRENT_SOURCE|DELISTING_UNVERIFIED|NOT_INCLUDED_IN_V4_PAYLOAD
230360,에코마케팅,KRX_KOSDAQ,2016-08-08,FALSE,LISTED,,NONE,,,,,MISSING_FROM_CURRENT_SOURCE|DELISTING_UNVERIFIED|NOT_INCLUDED_IN_V4_PAYLOAD
043090,엑서지21,KRX_KOSDAQ,2001-10-11,FALSE,LISTED,,NONE,,,,,MISSING_FROM_CURRENT_SOURCE|DELISTING_UNVERIFIED|NOT_INCLUDED_IN_V4_PAYLOAD
950130,엑세스바이오,KRX_KOSDAQ,2013-05-30,FALSE,LISTED,,NONE,,,,,MISSING_FROM_CURRENT_SOURCE|DELISTING_UNVERIFIED|NOT_INCLUDED_IN_V4_PAYLOAD
391060,엔에이치스팩20호,KRX_KOSDAQ,2021-10-05,FALSE,LISTED,,NONE,,,,,MISSING_FROM_CURRENT_SOURCE|DELISTING_UNVERIFIED|NOT_INCLUDED_IN_V4_PAYLOAD
396770,엔에이치스팩22호,KRX_KOSDAQ,2021-12-24,FALSE,LISTED,,NONE,,,,,MISSING_FROM_CURRENT_SOURCE|DELISTING_UNVERIFIED|NOT_INCLUDED_IN_V4_PAYLOAD
422040,엔에이치스팩23호,KRX_KOSDAQ,2022-06-28,FALSE,LISTED,,NONE,,,,,MISSING_FROM_CURRENT_SOURCE|DELISTING_UNVERIFIED|NOT_INCLUDED_IN_V4_PAYLOAD
437780,엔에이치스팩24호,KRX_KOSDAQ,2022-10-20,FALSE,LISTED,,NONE,,,,,MISSING_FROM_CURRENT_SOURCE|DELISTING_UNVERIFIED|NOT_INCLUDED_IN_V4_PAYLOAD
438580,엔에이치스팩25호,KRX_KOSDAQ,2022-11-03,FALSE,LISTED,,NONE,,,,,MISSING_FROM_CURRENT_SOURCE|DELISTING_UNVERIFIED|NOT_INCLUDED_IN_V4_PAYLOAD
439410,엔에이치스팩26호,KRX_KOSDAQ,2022-12-01,FALSE,LISTED,,NONE,,,,,MISSING_FROM_CURRENT_SOURCE|DELISTING_UNVERIFIED|NOT_INCLUDED_IN_V4_PAYLOAD
440820,엔에이치스팩27호,KRX_KOSDAQ,2022-12-16,FALSE,LISTED,,NONE,,,,,MISSING_FROM_CURRENT_SOURCE|DELISTING_UNVERIFIED|NOT_INCLUDED_IN_V4_PAYLOAD
376190,엘비루셈,KRX_KOSDAQ,2021-06-11,FALSE,LISTED,,NONE,,,,,MISSING_FROM_CURRENT_SOURCE|DELISTING_UNVERIFIED|NOT_INCLUDED_IN_V4_PAYLOAD
138690,엘아이에스,KRX_KOSDAQ,2011-06-02,FALSE,LISTED,,NONE,,,,,MISSING_FROM_CURRENT_SOURCE|DELISTING_UNVERIFIED|NOT_INCLUDED_IN_V4_PAYLOAD
019590,엠벤처투자,KRX_KOSDAQ,1989-03-14,FALSE,LISTED,,NONE,,,,,MISSING_FROM_CURRENT_SOURCE|DELISTING_UNVERIFIED|NOT_INCLUDED_IN_V4_PAYLOAD
323230,엠에프엠코리아,KRX_KOSDAQ,2019-06-19,FALSE,LISTED,,NONE,,,,,MISSING_FROM_CURRENT_SOURCE|DELISTING_UNVERIFIED|NOT_INCLUDED_IN_V4_PAYLOAD
050540,엠피씨플러스,KRX_KOSDAQ,2005-12-12,FALSE,LISTED,,NONE,,,,,MISSING_FROM_CURRENT_SOURCE|DELISTING_UNVERIFIED|NOT_INCLUDED_IN_V4_PAYLOAD
115960,연우,KRX_KOSDAQ,2015-11-02,FALSE,LISTED,,NONE,,,,,MISSING_FROM_CURRENT_SOURCE|DELISTING_UNVERIFIED|NOT_INCLUDED_IN_V4_PAYLOAD
048260,오스템임플란트,KRX_KOSDAQ,2007-02-07,FALSE,LISTED,,NONE,,,,,MISSING_FROM_CURRENT_SOURCE|DELISTING_UNVERIFIED|NOT_INCLUDED_IN_V4_PAYLOAD
071460,위니아,KRX_KOSDAQ,2016-07-14,FALSE,LISTED,,NONE,,,,,MISSING_FROM_CURRENT_SOURCE|DELISTING_UNVERIFIED|NOT_INCLUDED_IN_V4_PAYLOAD
064510,유네코,KRX_KOSDAQ,2018-03-15,FALSE,LISTED,,NONE,,,,,MISSING_FROM_CURRENT_SOURCE|DELISTING_UNVERIFIED|NOT_INCLUDED_IN_V4_PAYLOAD
038340,UCI,KRX_KOSDAQ,2001-11-22,FALSE,LISTED,,NONE,,,,,MISSING_FROM_CURRENT_SOURCE|DELISTING_UNVERIFIED|NOT_INCLUDED_IN_V4_PAYLOAD
435380,유안타제10호스팩,KRX_KOSDAQ,2022-10-06,FALSE,LISTED,,NONE,,,,,MISSING_FROM_CURRENT_SOURCE|DELISTING_UNVERIFIED|NOT_INCLUDED_IN_V4_PAYLOAD
367480,유안타제8호스팩,KRX_KOSDAQ,2021-04-05,FALSE,LISTED,,NONE,,,,,MISSING_FROM_CURRENT_SOURCE|DELISTING_UNVERIFIED|NOT_INCLUDED_IN_V4_PAYLOAD
430700,유안타제9호스팩,KRX_KOSDAQ,2022-08-04,FALSE,LISTED,,NONE,,,,,MISSING_FROM_CURRENT_SOURCE|DELISTING_UNVERIFIED|NOT_INCLUDED_IN_V4_PAYLOAD
373340,유진스팩6호,KRX_KOSDAQ,2021-04-08,FALSE,LISTED,,NONE,,,,,MISSING_FROM_CURRENT_SOURCE|DELISTING_UNVERIFIED|NOT_INCLUDED_IN_V4_PAYLOAD
388800,유진스팩7호,KRX_KOSDAQ,2021-09-13,FALSE,LISTED,,NONE,,,,,MISSING_FROM_CURRENT_SOURCE|DELISTING_UNVERIFIED|NOT_INCLUDED_IN_V4_PAYLOAD
442130,유진스팩9호,KRX_KOSDAQ,2022-12-01,FALSE,LISTED,,NONE,,,,,MISSING_FROM_CURRENT_SOURCE|DELISTING_UNVERIFIED|NOT_INCLUDED_IN_V4_PAYLOAD
164060,이루다,KRX_KOSDAQ,2020-08-06,FALSE,LISTED,,NONE,,,,,MISSING_FROM_CURRENT_SOURCE|DELISTING_UNVERIFIED|NOT_INCLUDED_IN_V4_PAYLOAD
181340,이즈미디어,KRX_KOSDAQ,2017-07-26,FALSE,LISTED,,NONE,,,,,MISSING_FROM_CURRENT_SOURCE|DELISTING_UNVERIFIED|NOT_INCLUDED_IN_V4_PAYLOAD
160600,이큐셀,KRX_KOSDAQ,2015-06-26,FALSE,LISTED,,NONE,,,,,MISSING_FROM_CURRENT_SOURCE|DELISTING_UNVERIFIED|NOT_INCLUDED_IN_V4_PAYLOAD
096040,이트론,KRX_KOSDAQ,2008-01-25,FALSE,LISTED,,NONE,,,,,MISSING_FROM_CURRENT_SOURCE|DELISTING_UNVERIFIED|NOT_INCLUDED_IN_V4_PAYLOAD
024810,이화전기,KRX_KOSDAQ,1994-12-29,FALSE,LISTED,,NONE,,,,,MISSING_FROM_CURRENT_SOURCE|DELISTING_UNVERIFIED|NOT_INCLUDED_IN_V4_PAYLOAD
150840,인트로메딕,KRX_KOSDAQ,2013-12-19,FALSE,LISTED,,NONE,,,,,MISSING_FROM_CURRENT_SOURCE|DELISTING_UNVERIFIED|NOT_INCLUDED_IN_V4_PAYLOAD
950140,잉글우드랩,KRX_KOSDAQ,2016-10-14,FALSE,LISTED,,NONE,,,,,MISSING_FROM_CURRENT_SOURCE|DELISTING_UNVERIFIED|NOT_INCLUDED_IN_V4_PAYLOAD
174880,장원테크,KRX_KOSDAQ,2016-07-15,FALSE,LISTED,,NONE,,,,,MISSING_FROM_CURRENT_SOURCE|DELISTING_UNVERIFIED|NOT_INCLUDED_IN_V4_PAYLOAD
072520,제넨바이오,KRX_KOSDAQ,2004-10-29,FALSE,LISTED,,NONE,,,,,MISSING_FROM_CURRENT_SOURCE|DELISTING_UNVERIFIED|NOT_INCLUDED_IN_V4_PAYLOAD
287410,제이시스메디칼,KRX_KOSDAQ,2018-05-08,FALSE,LISTED,,NONE,,,,,MISSING_FROM_CURRENT_SOURCE|DELISTING_UNVERIFIED|NOT_INCLUDED_IN_V4_PAYLOAD
058420,제이웨이,KRX_KOSDAQ,2002-01-10,FALSE,LISTED,,NONE,,,,,MISSING_FROM_CURRENT_SOURCE|DELISTING_UNVERIFIED|NOT_INCLUDED_IN_V4_PAYLOAD
950170,JTC,KRX_KOSDAQ,2018-04-06,FALSE,LISTED,,NONE,,,,,MISSING_FROM_CURRENT_SOURCE|DELISTING_UNVERIFIED|NOT_INCLUDED_IN_V4_PAYLOAD
052670,제일바이오,KRX_KOSDAQ,2002-01-24,FALSE,LISTED,,NONE,,,,,MISSING_FROM_CURRENT_SOURCE|DELISTING_UNVERIFIED|NOT_INCLUDED_IN_V4_PAYLOAD
044060,조광ILI,KRX_KOSDAQ,2001-01-18,FALSE,LISTED,,NONE,,,,,MISSING_FROM_CURRENT_SOURCE|DELISTING_UNVERIFIED|NOT_INCLUDED_IN_V4_PAYLOAD
078650,지나인제약,KRX_KOSDAQ,2010-10-22,FALSE,LISTED,,NONE,,,,,MISSING_FROM_CURRENT_SOURCE|DELISTING_UNVERIFIED|NOT_INCLUDED_IN_V4_PAYLOAD
036180,지더블유바이텍,KRX_KOSDAQ,1999-12-21,FALSE,LISTED,,NONE,,,,,MISSING_FROM_CURRENT_SOURCE|DELISTING_UNVERIFIED|NOT_INCLUDED_IN_V4_PAYLOAD
119860,커넥트웨이브,KRX_KOSDAQ,2011-01-24,FALSE,LISTED,,NONE,,,,,MISSING_FROM_CURRENT_SOURCE|DELISTING_UNVERIFIED|NOT_INCLUDED_IN_V4_PAYLOAD
900280,골든센츄리,KRX_KOSDAQ,2016-10-19,FALSE,LISTED,,NONE,,,,,MISSING_FROM_CURRENT_SOURCE|DELISTING_UNVERIFIED|NOT_INCLUDED_IN_V4_PAYLOAD
424140,케이비제21호스팩,KRX_KOSDAQ,2022-06-23,FALSE,LISTED,,NONE,,,,,MISSING_FROM_CURRENT_SOURCE|DELISTING_UNVERIFIED|NOT_INCLUDED_IN_V4_PAYLOAD
436530,케이비제22호스팩,KRX_KOSDAQ,2022-09-22,FALSE,LISTED,,NONE,,,,,MISSING_FROM_CURRENT_SOURCE|DELISTING_UNVERIFIED|NOT_INCLUDED_IN_V4_PAYLOAD
440200,케이비제23호스팩,KRX_KOSDAQ,2022-11-03,FALSE,LISTED,,NONE,,,,,MISSING_FROM_CURRENT_SOURCE|DELISTING_UNVERIFIED|NOT_INCLUDED_IN_V4_PAYLOAD
226360,KH 건설,KRX_KOSDAQ,2015-10-22,FALSE,LISTED,,NONE,,,,,MISSING_FROM_CURRENT_SOURCE|DELISTING_UNVERIFIED|NOT_INCLUDED_IN_V4_PAYLOAD
111870,KH 전자,KRX_KOSDAQ,2010-11-05,FALSE,LISTED,,NONE,,,,,MISSING_FROM_CURRENT_SOURCE|DELISTING_UNVERIFIED|NOT_INCLUDED_IN_V4_PAYLOAD
078940,코드네이처,KRX_KOSDAQ,2004-08-27,FALSE,LISTED,,NONE,,,,,MISSING_FROM_CURRENT_SOURCE|DELISTING_UNVERIFIED|NOT_INCLUDED_IN_V4_PAYLOAD
069110,코스온,KRX_KOSDAQ,2003-10-14,FALSE,LISTED,,NONE,,,,,MISSING_FROM_CURRENT_SOURCE|DELISTING_UNVERIFIED|NOT_INCLUDED_IN_V4_PAYLOAD
029960,코엔텍,KRX_KOSDAQ,2004-06-18,FALSE,LISTED,,NONE,,,,,MISSING_FROM_CURRENT_SOURCE|DELISTING_UNVERIFIED|NOT_INCLUDED_IN_V4_PAYLOAD
950160,코오롱티슈진,KRX_KOSDAQ,2017-11-06,FALSE,LISTED,,NONE,,,,,MISSING_FROM_CURRENT_SOURCE|DELISTING_UNVERIFIED|NOT_INCLUDED_IN_V4_PAYLOAD
056000,코원플레이,KRX_KOSDAQ,2003-07-11,FALSE,LISTED,,NONE,,,,,MISSING_FROM_CURRENT_SOURCE|DELISTING_UNVERIFIED|NOT_INCLUDED_IN_V4_PAYLOAD
114120,크루셜텍,KRX_KOSDAQ,2010-07-21,FALSE,LISTED,,NONE,,,,,MISSING_FROM_CURRENT_SOURCE|DELISTING_UNVERIFIED|NOT_INCLUDED_IN_V4_PAYLOAD
413600,키움제6호스팩,KRX_KOSDAQ,2022-04-07,FALSE,LISTED,,NONE,,,,,MISSING_FROM_CURRENT_SOURCE|DELISTING_UNVERIFIED|NOT_INCLUDED_IN_V4_PAYLOAD
433530,키움제7호스팩,KRX_KOSDAQ,2022-09-07,FALSE,LISTED,,NONE,,,,,MISSING_FROM_CURRENT_SOURCE|DELISTING_UNVERIFIED|NOT_INCLUDED_IN_V4_PAYLOAD
062860,티엘아이,KRX_KOSDAQ,2006-07-25,FALSE,LISTED,,NONE,,,,,MISSING_FROM_CURRENT_SOURCE|DELISTING_UNVERIFIED|NOT_INCLUDED_IN_V4_PAYLOAD
058530,파나케이아,KRX_KOSDAQ,2002-02-05,FALSE,LISTED,,NONE,,,,,MISSING_FROM_CURRENT_SOURCE|DELISTING_UNVERIFIED|NOT_INCLUDED_IN_V4_PAYLOAD
208340,파멥신,KRX_KOSDAQ,2018-11-21,FALSE,LISTED,,NONE,,,,,MISSING_FROM_CURRENT_SOURCE|DELISTING_UNVERIFIED|NOT_INCLUDED_IN_V4_PAYLOAD
203690,프로스테믹스,KRX_KOSDAQ,2014-09-30,FALSE,LISTED,,NONE,,,,,MISSING_FROM_CURRENT_SOURCE|DELISTING_UNVERIFIED|NOT_INCLUDED_IN_V4_PAYLOAD
057880,피에이치씨,KRX_KOSDAQ,2003-12-29,FALSE,LISTED,,NONE,,,,,MISSING_FROM_CURRENT_SOURCE|DELISTING_UNVERIFIED|NOT_INCLUDED_IN_V4_PAYLOAD
343510,하나금융16호스팩,KRX_KOSDAQ,2020-07-23,FALSE,LISTED,,NONE,,,,,MISSING_FROM_CURRENT_SOURCE|DELISTING_UNVERIFIED|NOT_INCLUDED_IN_V4_PAYLOAD
388220,하나금융19호스팩,KRX_KOSDAQ,2021-10-07,FALSE,LISTED,,NONE,,,,,MISSING_FROM_CURRENT_SOURCE|DELISTING_UNVERIFIED|NOT_INCLUDED_IN_V4_PAYLOAD
400560,하나금융20호스팩,KRX_KOSDAQ,2021-12-27,FALSE,LISTED,,NONE,,,,,MISSING_FROM_CURRENT_SOURCE|DELISTING_UNVERIFIED|NOT_INCLUDED_IN_V4_PAYLOAD
406760,하나금융21호스팩,KRX_KOSDAQ,2022-02-25,FALSE,LISTED,,NONE,,,,,MISSING_FROM_CURRENT_SOURCE|DELISTING_UNVERIFIED|NOT_INCLUDED_IN_V4_PAYLOAD
418170,하나금융22호스팩,KRX_KOSDAQ,2022-05-26,FALSE,LISTED,,NONE,,,,,MISSING_FROM_CURRENT_SOURCE|DELISTING_UNVERIFIED|NOT_INCLUDED_IN_V4_PAYLOAD
427950,하나금융23호스팩,KRX_KOSDAQ,2022-09-15,FALSE,LISTED,,NONE,,,,,MISSING_FROM_CURRENT_SOURCE|DELISTING_UNVERIFIED|NOT_INCLUDED_IN_V4_PAYLOAD
430230,하나금융24호스팩,KRX_KOSDAQ,2022-09-29,FALSE,LISTED,,NONE,,,,,MISSING_FROM_CURRENT_SOURCE|DELISTING_UNVERIFIED|NOT_INCLUDED_IN_V4_PAYLOAD
435620,하나금융25호스팩,KRX_KOSDAQ,2022-10-20,FALSE,LISTED,,NONE,,,,,MISSING_FROM_CURRENT_SOURCE|DELISTING_UNVERIFIED|NOT_INCLUDED_IN_V4_PAYLOAD
372290,하나머스트7호스팩,KRX_KOSDAQ,2021-03-05,FALSE,LISTED,,NONE,,,,,MISSING_FROM_CURRENT_SOURCE|DELISTING_UNVERIFIED|NOT_INCLUDED_IN_V4_PAYLOAD
377400,하이제6호스팩,KRX_KOSDAQ,2021-05-10,FALSE,LISTED,,NONE,,,,,MISSING_FROM_CURRENT_SOURCE|DELISTING_UNVERIFIED|NOT_INCLUDED_IN_V4_PAYLOAD
400840,하이제7호스팩,KRX_KOSDAQ,2021-12-20,FALSE,LISTED,,NONE,,,,,MISSING_FROM_CURRENT_SOURCE|DELISTING_UNVERIFIED|NOT_INCLUDED_IN_V4_PAYLOAD
409570,한국제10호스팩,KRX_KOSDAQ,2022-02-21,FALSE,LISTED,,NONE,,,,,MISSING_FROM_CURRENT_SOURCE|DELISTING_UNVERIFIED|NOT_INCLUDED_IN_V4_PAYLOAD
436610,한국제11호스팩,KRX_KOSDAQ,2022-10-20,FALSE,LISTED,,NONE,,,,,MISSING_FROM_CURRENT_SOURCE|DELISTING_UNVERIFIED|NOT_INCLUDED_IN_V4_PAYLOAD
053590,한국테크놀로지,KRX_KOSDAQ,2001-08-23,FALSE,LISTED,,NONE,,,,,MISSING_FROM_CURRENT_SOURCE|DELISTING_UNVERIFIED|NOT_INCLUDED_IN_V4_PAYLOAD
226440,한송네오텍,KRX_KOSDAQ,2015-10-06,FALSE,LISTED,,NONE,,,,,MISSING_FROM_CURRENT_SOURCE|DELISTING_UNVERIFIED|NOT_INCLUDED_IN_V4_PAYLOAD
386580,한화플러스제2호스팩,KRX_KOSDAQ,2021-08-05,FALSE,LISTED,,NONE,,,,,MISSING_FROM_CURRENT_SOURCE|DELISTING_UNVERIFIED|NOT_INCLUDED_IN_V4_PAYLOAD
430460,한화플러스제3호스팩,KRX_KOSDAQ,2022-09-29,FALSE,LISTED,,NONE,,,,,MISSING_FROM_CURRENT_SOURCE|DELISTING_UNVERIFIED|NOT_INCLUDED_IN_V4_PAYLOAD
000995,DB하이텍1우,KRX_KOSPI,2007-05-21,FALSE,LISTED,,NONE,,,,,MISSING_FROM_CURRENT_SOURCE|DELISTING_UNVERIFIED|NOT_INCLUDED_IN_V4_PAYLOAD
001745,SK네트웍스우,KRX_KOSPI,1989-12-21,FALSE,LISTED,,NONE,,,,,MISSING_FROM_CURRENT_SOURCE|DELISTING_UNVERIFIED|NOT_INCLUDED_IN_V4_PAYLOAD
010145,삼성중공우,KRX_KOSPI,1994-11-22,FALSE,LISTED,,NONE,,,,,MISSING_FROM_CURRENT_SOURCE|DELISTING_UNVERIFIED|NOT_INCLUDED_IN_V4_PAYLOAD
000075,삼양홀딩스우,KRX_KOSPI,1992-02-21,FALSE,LISTED,,NONE,,,,,MISSING_FROM_CURRENT_SOURCE|DELISTING_UNVERIFIED|NOT_INCLUDED_IN_V4_PAYLOAD
001725,신영증권우,KRX_KOSPI,1988-08-16,FALSE,LISTED,,NONE,,,,,MISSING_FROM_CURRENT_SOURCE|DELISTING_UNVERIFIED|NOT_INCLUDED_IN_V4_PAYLOAD
000885,한화우,KRX_KOSPI,1990-01-22,FALSE,LISTED,,NONE,,,,,MISSING_FROM_CURRENT_SOURCE|DELISTING_UNVERIFIED|NOT_INCLUDED_IN_V4_PAYLOAD
004565,현대비앤지스틸우,KRX_KOSPI,1989-08-31,FALSE,LISTED,,NONE,,,,,MISSING_FROM_CURRENT_SOURCE|DELISTING_UNVERIFIED|NOT_INCLUDED_IN_V4_PAYLOAD
000547,흥국화재2우B,KRX_KOSPI,1999-08-09,FALSE,LISTED,,NONE,,,,,MISSING_FROM_CURRENT_SOURCE|DELISTING_UNVERIFIED|NOT_INCLUDED_IN_V4_PAYLOAD
08537M,루트로닉3우C,KRX_KOSDAQ,2016-12-15,FALSE,LISTED,,NONE,,,,,MISSING_FROM_CURRENT_SOURCE|DELISTING_UNVERIFIED|NOT_INCLUDED_IN_V4_PAYLOAD